[11Aug2026 17:40:22.747] [main/INFO] [cpw.mods.modlauncher.Launcher/MODLAUNCHER]: ModLauncher running: args [--launchTarget, forgeclientuserdev, --version, MOD_DEV, --assetIndex, 5, --assetsDir, /home/dev/.gradle/caches/forge_gradle/assets, --gameDir, ., --fml.forgeVersion, 47.4.13, --fml.mcVersion, 1.20.1, --fml.forgeGroup, net.minecraftforge, --fml.mcpVersion, 20230612.114412]
[11Aug2026 17:40:22.749] [main/INFO] [cpw.mods.modlauncher.Launcher/MODLAUNCHER]: ModLauncher 10.0.9+10.0.9+main.dcd20f30 starting: java version 17.0.20 by Eclipse Adoptium; OS Linux arch amd64 version 6.12.90+deb13.1-amd64
[11Aug2026 17:40:22.763] [main/DEBUG] [cpw.mods.modlauncher.LaunchServiceHandler/MODLAUNCHER]: Found launch services [fmlclientdev,forgeclient,minecraft,forgegametestserverdev,fmlserveruserdev,fmlclient,fmldatauserdev,forgeserverdev,forgeserveruserdev,forgeclientdev,forgeclientuserdev,forgeserver,forgedatadev,fmlserver,fmlclientuserdev,fmlserverdev,forgedatauserdev,testharness,forgegametestserveruserdev]
[11Aug2026 17:40:22.771] [main/DEBUG] [cpw.mods.modlauncher.NameMappingServiceHandler/MODLAUNCHER]: Found naming services : [srgtomcp]
[11Aug2026 17:40:22.780] [main/DEBUG] [cpw.mods.modlauncher.LaunchPluginHandler/MODLAUNCHER]: Found launch plugins: [mixin,eventbus,slf4jfixer,object_holder_definalize,runtime_enum_extender,capability_token_subclass,accesstransformer,runtimedistcleaner]
[11Aug2026 17:40:22.786] [main/DEBUG] [cpw.mods.modlauncher.TransformationServicesHandler/MODLAUNCHER]: Discovering transformation services
[11Aug2026 17:40:22.789] [main/DEBUG] [net.minecraftforge.fml.loading.FMLPaths/CORE]: Path GAMEDIR is /home/dev/better-content/generated/custom-mod-sources/tcon-affixes/run
[11Aug2026 17:40:22.789] [main/DEBUG] [net.minecraftforge.fml.loading.FMLPaths/CORE]: Path MODSDIR is /home/dev/better-content/generated/custom-mod-sources/tcon-affixes/run/mods
[11Aug2026 17:40:22.790] [main/DEBUG] [net.minecraftforge.fml.loading.FMLPaths/CORE]: Path CONFIGDIR is /home/dev/better-content/generated/custom-mod-sources/tcon-affixes/run/config
[11Aug2026 17:40:22.790] [main/DEBUG] [net.minecraftforge.fml.loading.FMLPaths/CORE]: Path FMLCONFIG is /home/dev/better-content/generated/custom-mod-sources/tcon-affixes/run/config/fml.toml
[11Aug2026 17:40:22.812] [main/DEBUG] [cpw.mods.modlauncher.TransformationServicesHandler/MODLAUNCHER]: Found additional transformation services from discovery services: 
[11Aug2026 17:40:22.816] [main/INFO] [net.minecraftforge.fml.loading.ImmediateWindowHandler/]: Loading ImmediateWindowProvider fmlearlywindow
[11Aug2026 17:40:22.873] [main/INFO] [EARLYDISPLAY/]: Trying GL version 4.6
[11Aug2026 17:40:22.873] [main/INFO] [EARLYDISPLAY/]: If this message is the only thing at the bottom of your log before a crash, you probably have a driver issue.

Possible solutions:
A) Make sure Minecraft is set to prefer high performance graphics in the OS and/or driver control panel
B) Check for driver updates on the graphics brand's website
C) Try reinstalling your graphics drivers
D) If still not working after trying all of the above, ask for further help on the Forge forums or Discord

You can safely ignore this message if the game starts up successfully.
[11Aug2026 17:40:22.895] [main/INFO] [EARLYDISPLAY/]: Trying GL version 4.5
[11Aug2026 17:40:22.905] [main/INFO] [EARLYDISPLAY/]: Requested GL version 4.5 got version 4.5
[11Aug2026 17:40:22.919] [main/DEBUG] [cpw.mods.modlauncher.TransformationServicesHandler/MODLAUNCHER]: Found transformer services : [mixin,fml]
[11Aug2026 17:40:22.920] [main/DEBUG] [cpw.mods.modlauncher.TransformationServicesHandler/MODLAUNCHER]: Transformation services loading
[11Aug2026 17:40:22.921] [main/DEBUG] [cpw.mods.modlauncher.TransformationServiceDecorator/MODLAUNCHER]: Loading service mixin
[11Aug2026 17:40:22.921] [main/DEBUG] [cpw.mods.modlauncher.TransformationServiceDecorator/MODLAUNCHER]: Loaded service mixin
[11Aug2026 17:40:22.921] [main/DEBUG] [cpw.mods.modlauncher.TransformationServiceDecorator/MODLAUNCHER]: Loading service fml
[11Aug2026 17:40:22.922] [main/DEBUG] [net.minecraftforge.fml.loading.LauncherVersion/CORE]: Found FMLLauncher version 1.0
[11Aug2026 17:40:22.922] [main/DEBUG] [net.minecraftforge.fml.loading.FMLLoader/CORE]: FML 1.0 loading
[11Aug2026 17:40:22.922] [main/DEBUG] [net.minecraftforge.fml.loading.FMLLoader/CORE]: FML found ModLauncher version : 10.0.9+10.0.9+main.dcd20f30
[11Aug2026 17:40:22.922] [main/DEBUG] [net.minecraftforge.fml.loading.FMLLoader/CORE]: Requesting CoreMods to not apply the fix for ASMAPI.findFirstInstructionBefore by default
[11Aug2026 17:40:22.923] [main/DEBUG] [net.minecraftforge.fml.loading.FMLLoader/CORE]: FML found AccessTransformer version : 8.0.4+66+master.c09db6d7
[11Aug2026 17:40:22.923] [main/DEBUG] [net.minecraftforge.fml.loading.FMLLoader/CORE]: FML found EventBus version : 6.0.5+6.0.5+master.eb8e549b
[11Aug2026 17:40:22.923] [main/DEBUG] [net.minecraftforge.fml.loading.FMLLoader/CORE]: Found Runtime Dist Cleaner
[11Aug2026 17:40:22.924] [main/DEBUG] [net.minecraftforge.coremod.CoreModEngine/]: CoreMods will preserve legacy behavior of ASMAPI.findFirstInstructionBefore for backwards-compatibility
[11Aug2026 17:40:22.924] [main/DEBUG] [net.minecraftforge.fml.loading.FMLLoader/CORE]: FML found CoreMod version : 5.2.4
[11Aug2026 17:40:22.924] [main/DEBUG] [net.minecraftforge.fml.loading.FMLLoader/CORE]: Found ForgeSPI package implementation version 7.0.1+7.0.1+master.d2b38bf6
[11Aug2026 17:40:22.925] [main/DEBUG] [net.minecraftforge.fml.loading.FMLLoader/CORE]: Found ForgeSPI package specification 5
[11Aug2026 17:40:22.925] [main/DEBUG] [cpw.mods.modlauncher.TransformationServiceDecorator/MODLAUNCHER]: Loaded service fml
[11Aug2026 17:40:22.925] [main/DEBUG] [cpw.mods.modlauncher.TransformationServicesHandler/MODLAUNCHER]: Configuring option handling for services
[11Aug2026 17:40:22.928] [main/DEBUG] [cpw.mods.modlauncher.TransformationServicesHandler/MODLAUNCHER]: Transformation services initializing
[11Aug2026 17:40:22.929] [main/DEBUG] [cpw.mods.modlauncher.TransformationServiceDecorator/MODLAUNCHER]: Initializing transformation service mixin
[11Aug2026 17:40:22.936] [main/DEBUG] [mixin/]: MixinService [ModLauncher] was successfully booted in cpw.mods.cl.ModuleClassLoader@4387b79e
[11Aug2026 17:40:22.942] [main/INFO] [mixin/]: SpongePowered MIXIN Subsystem Version=0.8.5 Source=union:/home/dev/.gradle/caches/modules-2/files-2.1/org.spongepowered/mixin/0.8.5/9d1c0c3a304ae6697ecd477218fa61b850bf57fc/mixin-0.8.5.jar%23116!/ Service=ModLauncher Env=CLIENT
[11Aug2026 17:40:22.944] [main/DEBUG] [mixin/]: Initialising Mixin Platform Manager
[11Aug2026 17:40:22.944] [main/DEBUG] [mixin/]: Adding mixin platform agents for container ModLauncher Root Container(ModLauncher:4f56a0a2)
[11Aug2026 17:40:22.944] [main/DEBUG] [mixin/]: Instancing new MixinPlatformAgentMinecraftForge for ModLauncher Root Container(ModLauncher:4f56a0a2)
[11Aug2026 17:40:22.945] [main/DEBUG] [mixin/]: MixinPlatformAgentMinecraftForge rejected container ModLauncher Root Container(ModLauncher:4f56a0a2)
[11Aug2026 17:40:22.945] [main/DEBUG] [mixin/]: Instancing new MixinPlatformAgentDefault for ModLauncher Root Container(ModLauncher:4f56a0a2)
[11Aug2026 17:40:22.945] [main/DEBUG] [mixin/]: MixinPlatformAgentDefault accepted container ModLauncher Root Container(ModLauncher:4f56a0a2)
[11Aug2026 17:40:22.947] [main/DEBUG] [cpw.mods.modlauncher.TransformationServiceDecorator/MODLAUNCHER]: Initialized transformation service mixin
[11Aug2026 17:40:22.947] [main/DEBUG] [cpw.mods.modlauncher.TransformationServiceDecorator/MODLAUNCHER]: Initializing transformation service fml
[11Aug2026 17:40:22.947] [main/DEBUG] [net.minecraftforge.fml.loading.FMLServiceProvider/CORE]: Setting up basic FML game directories
[11Aug2026 17:40:22.947] [main/DEBUG] [net.minecraftforge.fml.loading.FMLPaths/CORE]: Path GAMEDIR is /home/dev/better-content/generated/custom-mod-sources/tcon-affixes/run
[11Aug2026 17:40:22.947] [main/DEBUG] [net.minecraftforge.fml.loading.FMLPaths/CORE]: Path MODSDIR is /home/dev/better-content/generated/custom-mod-sources/tcon-affixes/run/mods
[11Aug2026 17:40:22.947] [main/DEBUG] [net.minecraftforge.fml.loading.FMLPaths/CORE]: Path CONFIGDIR is /home/dev/better-content/generated/custom-mod-sources/tcon-affixes/run/config
[11Aug2026 17:40:22.947] [main/DEBUG] [net.minecraftforge.fml.loading.FMLPaths/CORE]: Path FMLCONFIG is /home/dev/better-content/generated/custom-mod-sources/tcon-affixes/run/config/fml.toml
[11Aug2026 17:40:22.948] [main/DEBUG] [net.minecraftforge.fml.loading.FMLServiceProvider/CORE]: Loading configuration
[11Aug2026 17:40:22.949] [main/DEBUG] [net.minecraftforge.fml.loading.FMLServiceProvider/CORE]: Preparing ModFile
[11Aug2026 17:40:22.951] [main/DEBUG] [net.minecraftforge.fml.loading.FMLServiceProvider/CORE]: Preparing launch handler
[11Aug2026 17:40:22.951] [pool-2-thread-1/INFO] [EARLYDISPLAY/]: GL info: llvmpipe (LLVM 19.1.7, 256 bits) GL version 4.5 (Core Profile) Mesa 25.0.7-2+deb13u1, Mesa
[11Aug2026 17:40:22.952] [main/DEBUG] [net.minecraftforge.fml.loading.FMLLoader/CORE]: Using forgeclientuserdev as launch service
[11Aug2026 17:40:22.959] [main/DEBUG] [net.minecraftforge.fml.loading.FMLLoader/CORE]: Received command line version data  : VersionInfo[forgeVersion=47.4.13, mcVersion=1.20.1, mcpVersion=20230612.114412, forgeGroup=net.minecraftforge]
[11Aug2026 17:40:22.960] [main/DEBUG] [cpw.mods.modlauncher.TransformationServiceDecorator/MODLAUNCHER]: Initialized transformation service fml
[11Aug2026 17:40:22.960] [main/DEBUG] [cpw.mods.modlauncher.NameMappingServiceHandler/MODLAUNCHER]: Current naming domain is 'mcp'
[11Aug2026 17:40:22.961] [main/DEBUG] [cpw.mods.modlauncher.NameMappingServiceHandler/MODLAUNCHER]: Identified name mapping providers {srg=srgtomcp:1234}
[11Aug2026 17:40:22.962] [main/DEBUG] [cpw.mods.modlauncher.TransformationServicesHandler/MODLAUNCHER]: Transformation services begin scanning
[11Aug2026 17:40:22.962] [main/DEBUG] [cpw.mods.modlauncher.TransformationServiceDecorator/MODLAUNCHER]: Beginning scan trigger - transformation service mixin
[11Aug2026 17:40:22.962] [main/DEBUG] [cpw.mods.modlauncher.TransformationServiceDecorator/MODLAUNCHER]: End scan trigger - transformation service mixin
[11Aug2026 17:40:22.962] [main/DEBUG] [cpw.mods.modlauncher.TransformationServiceDecorator/MODLAUNCHER]: Beginning scan trigger - transformation service fml
[11Aug2026 17:40:22.962] [main/DEBUG] [net.minecraftforge.fml.loading.FMLServiceProvider/CORE]: Initiating mod scan
[11Aug2026 17:40:22.967] [main/DEBUG] [net.minecraftforge.fml.loading.moddiscovery.ModListHandler/CORE]: Found mod coordinates from lists: []
[11Aug2026 17:40:22.969] [main/DEBUG] [net.minecraftforge.fml.loading.moddiscovery.ModDiscoverer/CORE]: Found Mod Locators : (mods folder:null),(maven libs:null),(exploded directory:null),(minecraft:null),(userdev classpath:null)
[11Aug2026 17:40:22.969] [main/DEBUG] [net.minecraftforge.fml.loading.moddiscovery.ModDiscoverer/CORE]: Found Dependency Locators : (JarInJar:null)
[11Aug2026 17:40:22.972] [main/DEBUG] [net.minecraftforge.fml.loading.targets.CommonLaunchHandler/CORE]: Got mod coordinates tcon_affixes%%/home/dev/better-content/generated/custom-mod-sources/tcon-affixes/build/resources/main:tcon_affixes%%/home/dev/better-content/generated/custom-mod-sources/tcon-affixes/build/classes/java/main:tcon_affixes%%/home/dev/better-content/generated/custom-mod-sources/tcon-affixes/build/classes/kotlin/main from env
[11Aug2026 17:40:22.973] [main/DEBUG] [net.minecraftforge.fml.loading.targets.CommonLaunchHandler/CORE]: Found supplied mod coordinates [{tcon_affixes=[/home/dev/better-content/generated/custom-mod-sources/tcon-affixes/build/resources/main, /home/dev/better-content/generated/custom-mod-sources/tcon-affixes/build/classes/java/main, /home/dev/better-content/generated/custom-mod-sources/tcon-affixes/build/classes/kotlin/main]}]
[11Aug2026 17:40:23.085] [main/DEBUG] [net.minecraftforge.fml.loading.moddiscovery.ModFileInfo/LOADING]: Found valid mod file forge-1.20.1-47.4.13_mapped_official_1.20.1.jar with {minecraft} mods - versions {1.20.1}
[11Aug2026 17:40:23.086] [main/DEBUG] [net.minecraftforge.fml.loading.moddiscovery.ModFileParser/LOADING]: Considering mod file candidate /home/dev/.gradle/caches/modules-2/files-2.1/net.minecraftforge/javafmllanguage/1.20.1-47.4.13/cf01e2179f72bd2829c65f5226d7dd0cfb6c686/javafmllanguage-1.20.1-47.4.13.jar
[11Aug2026 17:40:23.087] [main/WARN] [net.minecraftforge.fml.loading.moddiscovery.ModFileParser/LOADING]: Mod file /home/dev/.gradle/caches/modules-2/files-2.1/net.minecraftforge/javafmllanguage/1.20.1-47.4.13/cf01e2179f72bd2829c65f5226d7dd0cfb6c686/javafmllanguage-1.20.1-47.4.13.jar is missing mods.toml file
[11Aug2026 17:40:23.087] [main/DEBUG] [net.minecraftforge.fml.loading.moddiscovery.ModFileParser/LOADING]: Considering mod file candidate /home/dev/.gradle/caches/modules-2/files-2.1/net.minecraftforge/lowcodelanguage/1.20.1-47.4.13/e3f96129ea14eba84316f2d69816253e228e6e4c/lowcodelanguage-1.20.1-47.4.13.jar
[11Aug2026 17:40:23.087] [main/WARN] [net.minecraftforge.fml.loading.moddiscovery.ModFileParser/LOADING]: Mod file /home/dev/.gradle/caches/modules-2/files-2.1/net.minecraftforge/lowcodelanguage/1.20.1-47.4.13/e3f96129ea14eba84316f2d69816253e228e6e4c/lowcodelanguage-1.20.1-47.4.13.jar is missing mods.toml file
[11Aug2026 17:40:23.088] [main/DEBUG] [net.minecraftforge.fml.loading.moddiscovery.ModFileParser/LOADING]: Considering mod file candidate /home/dev/.gradle/caches/modules-2/files-2.1/net.minecraftforge/mclanguage/1.20.1-47.4.13/85796906112d9b621a7b2996f8bfda49da991ef0/mclanguage-1.20.1-47.4.13.jar
[11Aug2026 17:40:23.088] [main/WARN] [net.minecraftforge.fml.loading.moddiscovery.ModFileParser/LOADING]: Mod file /home/dev/.gradle/caches/modules-2/files-2.1/net.minecraftforge/mclanguage/1.20.1-47.4.13/85796906112d9b621a7b2996f8bfda49da991ef0/mclanguage-1.20.1-47.4.13.jar is missing mods.toml file
[11Aug2026 17:40:23.089] [main/DEBUG] [net.minecraftforge.fml.loading.moddiscovery.ModFileParser/LOADING]: Considering mod file candidate /home/dev/.gradle/caches/modules-2/files-2.1/net.minecraftforge/fmlcore/1.20.1-47.4.13/f77e3021d1eb31d61f8d1b92d18ed4fb3c2806e5/fmlcore-1.20.1-47.4.13.jar
[11Aug2026 17:40:23.089] [main/WARN] [net.minecraftforge.fml.loading.moddiscovery.ModFileParser/LOADING]: Mod file /home/dev/.gradle/caches/modules-2/files-2.1/net.minecraftforge/fmlcore/1.20.1-47.4.13/f77e3021d1eb31d61f8d1b92d18ed4fb3c2806e5/fmlcore-1.20.1-47.4.13.jar is missing mods.toml file
[11Aug2026 17:40:23.090] [main/DEBUG] [net.minecraftforge.fml.loading.moddiscovery.ModFileParser/LOADING]: Considering mod file candidate /home/dev/better-content/generated/custom-mod-sources/tcon-affixes/build/resources/main
[11Aug2026 17:40:23.093] [main/DEBUG] [net.minecraftforge.fml.loading.moddiscovery.ModFileInfo/LOADING]: Found valid mod file main with {tconaffixes} mods - versions {1.0.0}
[11Aug2026 17:40:23.094] [main/DEBUG] [net.minecraftforge.fml.loading.moddiscovery.ModFileParser/LOADING]: Considering mod file candidate /
[11Aug2026 17:40:23.096] [main/DEBUG] [net.minecraftforge.fml.loading.moddiscovery.ModFileInfo/LOADING]: Found valid mod file  with {forge} mods - versions {47.4.13}
[11Aug2026 17:40:23.101] [main/DEBUG] [net.minecraftforge.fml.loading.moddiscovery.ModFileParser/LOADING]: Considering mod file candidate /home/dev/.gradle/caches/forge_gradle/deobf_dependencies/curse/maven/mantle-74924/7563777_mapped_official_1.20.1/mantle-74924-7563777_mapped_official_1.20.1.jar
[11Aug2026 17:40:23.102] [main/DEBUG] [net.minecraftforge.fml.loading.moddiscovery.ModFileInfo/LOADING]: Found valid mod file mantle-74924-7563777_mapped_official_1.20.1.jar with {mantle} mods - versions {1.11.104}
[11Aug2026 17:40:23.112] [main/DEBUG] [net.minecraftforge.fml.loading.moddiscovery.ModFileParser/LOADING]: Considering mod file candidate /home/dev/.gradle/caches/forge_gradle/deobf_dependencies/curse/maven/tinkers-construct-74072/7449219_mapped_official_1.20.1/tinkers-construct-74072-7449219_mapped_official_1.20.1.jar
[11Aug2026 17:40:23.113] [main/DEBUG] [net.minecraftforge.fml.loading.moddiscovery.ModFileInfo/LOADING]: Found valid mod file tinkers-construct-74072-7449219_mapped_official_1.20.1.jar with {tconstruct} mods - versions {3.11.2.166}
[11Aug2026 17:40:23.171] [main/DEBUG] [net.minecraftforge.fml.loading.moddiscovery.ModFileParser/LOADING]: Considering mod file candidate /home/dev/.gradle/caches/forge_gradle/deobf_dependencies/curse/maven/mantle-74924/7563777_mapped_official_1.20.1/mantle-74924-7563777_mapped_official_1.20.1.jar
[11Aug2026 17:40:23.172] [main/DEBUG] [net.minecraftforge.fml.loading.moddiscovery.ModFileInfo/LOADING]: Found valid mod file mantle-74924-7563777_mapped_official_1.20.1.jar with {mantle} mods - versions {1.11.104}
[11Aug2026 17:40:23.182] [main/DEBUG] [net.minecraftforge.fml.loading.moddiscovery.ModFileParser/LOADING]: Considering mod file candidate /home/dev/.gradle/caches/forge_gradle/deobf_dependencies/curse/maven/tinkers-construct-74072/7449219_mapped_official_1.20.1/tinkers-construct-74072-7449219_mapped_official_1.20.1.jar
[11Aug2026 17:40:23.183] [main/DEBUG] [net.minecraftforge.fml.loading.moddiscovery.ModFileInfo/LOADING]: Found valid mod file tinkers-construct-74072-7449219_mapped_official_1.20.1.jar with {tconstruct} mods - versions {3.11.2.166}
[11Aug2026 17:40:23.186] [main/DEBUG] [net.minecraftforge.fml.loading.UniqueModListBuilder/]: Found 2 mods for first modid tconstruct, selecting most recent based on version data
[11Aug2026 17:40:23.187] [main/DEBUG] [net.minecraftforge.fml.loading.UniqueModListBuilder/]: Selected file tinkers-construct-74072-7449219_mapped_official_1.20.1.jar for modid tconstruct with version 3.11.2.166
[11Aug2026 17:40:23.187] [main/DEBUG] [net.minecraftforge.fml.loading.UniqueModListBuilder/]: Found 2 mods for first modid mantle, selecting most recent based on version data
[11Aug2026 17:40:23.187] [main/DEBUG] [net.minecraftforge.fml.loading.UniqueModListBuilder/]: Selected file mantle-74924-7563777_mapped_official_1.20.1.jar for modid mantle with version 1.11.104
[11Aug2026 17:40:23.190] [main/DEBUG] [net.minecraftforge.fml.loading.moddiscovery.AbstractJarFileDependencyLocator/]: Failed to load resource META-INF/jarjar/metadata.json from tinkers-construct-74072-7449219_mapped_official_1.20.1.jar, it does not contain dependency information.
[11Aug2026 17:40:23.190] [main/DEBUG] [net.minecraftforge.fml.loading.moddiscovery.AbstractJarFileDependencyLocator/]: Failed to load resource META-INF/jarjar/metadata.json from forge-1.20.1-47.4.13_mapped_official_1.20.1.jar, it does not contain dependency information.
[11Aug2026 17:40:23.191] [main/DEBUG] [net.minecraftforge.fml.loading.moddiscovery.AbstractJarFileDependencyLocator/]: Failed to load resource META-INF/jarjar/metadata.json from , it does not contain dependency information.
[11Aug2026 17:40:23.191] [main/DEBUG] [net.minecraftforge.fml.loading.moddiscovery.AbstractJarFileDependencyLocator/]: Failed to load resource META-INF/jarjar/metadata.json from mantle-74924-7563777_mapped_official_1.20.1.jar, it does not contain dependency information.
[11Aug2026 17:40:23.191] [main/DEBUG] [net.minecraftforge.fml.loading.moddiscovery.AbstractJarFileDependencyLocator/]: Failed to load resource META-INF/jarjar/metadata.json from main, it does not contain dependency information.
[11Aug2026 17:40:23.191] [main/DEBUG] [net.minecraftforge.fml.loading.moddiscovery.AbstractJarFileDependencyLocator/]: Failed to load resource META-INF/jarjar/metadata.json from mclanguage-1.20.1-47.4.13.jar, it does not contain dependency information.
[11Aug2026 17:40:23.191] [main/DEBUG] [net.minecraftforge.fml.loading.moddiscovery.AbstractJarFileDependencyLocator/]: Failed to load resource META-INF/jarjar/metadata.json from javafmllanguage-1.20.1-47.4.13.jar, it does not contain dependency information.
[11Aug2026 17:40:23.191] [main/DEBUG] [net.minecraftforge.fml.loading.moddiscovery.AbstractJarFileDependencyLocator/]: Failed to load resource META-INF/jarjar/metadata.json from fmlcore-1.20.1-47.4.13.jar, it does not contain dependency information.
[11Aug2026 17:40:23.191] [main/DEBUG] [net.minecraftforge.fml.loading.moddiscovery.AbstractJarFileDependencyLocator/]: Failed to load resource META-INF/jarjar/metadata.json from lowcodelanguage-1.20.1-47.4.13.jar, it does not contain dependency information.
[11Aug2026 17:40:23.230] [main/DEBUG] [net.minecraftforge.fml.loading.moddiscovery.ModFileParser/LOADING]: Considering mod file candidate 
[11Aug2026 17:40:23.232] [main/DEBUG] [net.minecraftforge.fml.loading.moddiscovery.ModFileInfo/LOADING]: Found valid mod file kffmod-4.3.0.jar with {kotlinforforge} mods - versions {4.3.0}
[11Aug2026 17:40:23.232] [main/DEBUG] [net.minecraftforge.fml.loading.moddiscovery.AbstractJarFileDependencyLocator/]: Failed to load resource META-INF/jarjar/metadata.json from kfflang-4.3.0.jar, it does not contain dependency information.
[11Aug2026 17:40:23.232] [main/DEBUG] [net.minecraftforge.fml.loading.moddiscovery.AbstractJarFileDependencyLocator/]: Failed to load resource META-INF/jarjar/metadata.json from kfflib-4.3.0.jar, it does not contain dependency information.
[11Aug2026 17:40:23.232] [main/DEBUG] [net.minecraftforge.fml.loading.moddiscovery.AbstractJarFileDependencyLocator/]: Failed to load resource META-INF/jarjar/metadata.json from kffmod-4.3.0.jar, it does not contain dependency information.
[11Aug2026 17:40:23.241] [main/DEBUG] [net.minecraftforge.fml.loading.moddiscovery.ModFileParser/LOADING]: Considering mod file candidate 
[11Aug2026 17:40:23.242] [main/DEBUG] [net.minecraftforge.fml.loading.moddiscovery.ModFileInfo/LOADING]: Found valid mod file kffmod-4.3.0.jar with {kotlinforforge} mods - versions {4.3.0}
[11Aug2026 17:40:23.245] [main/INFO] [net.minecraftforge.fml.loading.moddiscovery.JarInJarDependencyLocator/]: Found 3 dependencies adding them to mods collection
[11Aug2026 17:40:23.247] [main/DEBUG] [net.minecraftforge.fml.loading.moddiscovery.ModFileInfo/LOADING]: Found valid mod file forge-1.20.1-47.4.13_mapped_official_1.20.1.jar with {minecraft} mods - versions {1.20.1}
[11Aug2026 17:40:23.248] [main/DEBUG] [net.minecraftforge.fml.loading.moddiscovery.ModFile/LOADING]: Loading mod file /home/dev/.gradle/caches/forge_gradle/minecraft_user_repo/net/minecraftforge/forge/1.20.1-47.4.13_mapped_official_1.20.1/forge-1.20.1-47.4.13_mapped_official_1.20.1.jar with languages [LanguageSpec[languageName=minecraft, acceptedVersions=1]]
[11Aug2026 17:40:23.248] [main/DEBUG] [net.minecraftforge.fml.loading.moddiscovery.ModFileParser/LOADING]: Considering mod file candidate /home/dev/.gradle/caches/forge_gradle/deobf_dependencies/curse/maven/tinkers-construct-74072/7449219_mapped_official_1.20.1/tinkers-construct-74072-7449219_mapped_official_1.20.1.jar
[11Aug2026 17:40:23.249] [main/DEBUG] [net.minecraftforge.fml.loading.moddiscovery.ModFileInfo/LOADING]: Found valid mod file tinkers-construct-74072-7449219_mapped_official_1.20.1.jar with {tconstruct} mods - versions {3.11.2.166}
[11Aug2026 17:40:23.249] [main/DEBUG] [net.minecraftforge.fml.loading.moddiscovery.ModFile/LOADING]: Loading mod file /home/dev/.gradle/caches/forge_gradle/deobf_dependencies/curse/maven/tinkers-construct-74072/7449219_mapped_official_1.20.1/tinkers-construct-74072-7449219_mapped_official_1.20.1.jar with languages [LanguageSpec[languageName=javafml, acceptedVersions=*]]
[11Aug2026 17:40:23.249] [main/DEBUG] [net.minecraftforge.fml.loading.moddiscovery.ModFileParser/LOADING]: Considering mod file candidate 
[11Aug2026 17:40:23.250] [main/DEBUG] [net.minecraftforge.fml.loading.moddiscovery.ModFileInfo/LOADING]: Found valid mod file kffmod-4.3.0.jar with {kotlinforforge} mods - versions {4.3.0}
[11Aug2026 17:40:23.250] [main/DEBUG] [net.minecraftforge.fml.loading.moddiscovery.ModFile/LOADING]: Loading mod file  with languages [LanguageSpec[languageName=kotlinforforge, acceptedVersions=[4,)]]
[11Aug2026 17:40:23.250] [main/DEBUG] [net.minecraftforge.fml.loading.moddiscovery.ModFileParser/LOADING]: Considering mod file candidate /
[11Aug2026 17:40:23.251] [main/DEBUG] [net.minecraftforge.fml.loading.moddiscovery.ModFileInfo/LOADING]: Found valid mod file  with {forge} mods - versions {47.4.13}
[11Aug2026 17:40:23.251] [main/DEBUG] [net.minecraftforge.fml.loading.moddiscovery.ModFile/LOADING]: Loading mod file / with languages [LanguageSpec[languageName=javafml, acceptedVersions=[24,]]]
[11Aug2026 17:40:23.252] [main/DEBUG] [net.minecraftforge.fml.loading.moddiscovery.ModFileParser/LOADING]: Found coremod field_to_method with Javascript path coremods/field_to_method.js
[11Aug2026 17:40:23.252] [main/DEBUG] [net.minecraftforge.fml.loading.moddiscovery.ModFileParser/LOADING]: Found coremod field_to_instanceof with Javascript path coremods/field_to_instanceof.js
[11Aug2026 17:40:23.252] [main/DEBUG] [net.minecraftforge.fml.loading.moddiscovery.ModFileParser/LOADING]: Found coremod add_bouncer_method with Javascript path coremods/add_bouncer_method.js
[11Aug2026 17:40:23.252] [main/DEBUG] [net.minecraftforge.fml.loading.moddiscovery.ModFileParser/LOADING]: Found coremod method_redirector with Javascript path coremods/method_redirector.js
[11Aug2026 17:40:23.253] [main/DEBUG] [net.minecraftforge.fml.loading.moddiscovery.ModFile/LOADING]: Found coremod coremods/field_to_method.js
[11Aug2026 17:40:23.253] [main/DEBUG] [net.minecraftforge.fml.loading.moddiscovery.ModFile/LOADING]: Found coremod coremods/field_to_instanceof.js
[11Aug2026 17:40:23.253] [main/DEBUG] [net.minecraftforge.fml.loading.moddiscovery.ModFile/LOADING]: Found coremod coremods/add_bouncer_method.js
[11Aug2026 17:40:23.253] [main/DEBUG] [net.minecraftforge.fml.loading.moddiscovery.ModFile/LOADING]: Found coremod coremods/method_redirector.js
[11Aug2026 17:40:23.253] [main/DEBUG] [net.minecraftforge.fml.loading.moddiscovery.ModFileParser/LOADING]: Considering mod file candidate /home/dev/.gradle/caches/forge_gradle/deobf_dependencies/curse/maven/mantle-74924/7563777_mapped_official_1.20.1/mantle-74924-7563777_mapped_official_1.20.1.jar
[11Aug2026 17:40:23.253] [main/DEBUG] [net.minecraftforge.fml.loading.moddiscovery.ModFileInfo/LOADING]: Found valid mod file mantle-74924-7563777_mapped_official_1.20.1.jar with {mantle} mods - versions {1.11.104}
[11Aug2026 17:40:23.253] [main/DEBUG] [net.minecraftforge.fml.loading.moddiscovery.ModFile/LOADING]: Loading mod file /home/dev/.gradle/caches/forge_gradle/deobf_dependencies/curse/maven/mantle-74924/7563777_mapped_official_1.20.1/mantle-74924-7563777_mapped_official_1.20.1.jar with languages [LanguageSpec[languageName=javafml, acceptedVersions=*]]
[11Aug2026 17:40:23.254] [main/DEBUG] [net.minecraftforge.fml.loading.moddiscovery.ModFileParser/LOADING]: Considering mod file candidate /home/dev/better-content/generated/custom-mod-sources/tcon-affixes/build/resources/main
[11Aug2026 17:40:23.254] [main/DEBUG] [net.minecraftforge.fml.loading.moddiscovery.ModFileInfo/LOADING]: Found valid mod file main with {tconaffixes} mods - versions {1.0.0}
[11Aug2026 17:40:23.254] [main/DEBUG] [net.minecraftforge.fml.loading.moddiscovery.ModFile/LOADING]: Loading mod file /home/dev/better-content/generated/custom-mod-sources/tcon-affixes/build/resources/main with languages [LanguageSpec[languageName=javafml, acceptedVersions=[47,)]]
[11Aug2026 17:40:23.254] [main/DEBUG] [net.minecraftforge.fml.loading.moddiscovery.ModFile/LOADING]: Loading mod file  with languages []
[11Aug2026 17:40:23.255] [main/DEBUG] [net.minecraftforge.fml.loading.moddiscovery.ModFile/LOADING]: Loading mod file  with languages []
[11Aug2026 17:40:23.255] [main/DEBUG] [cpw.mods.modlauncher.TransformationServiceDecorator/MODLAUNCHER]: End scan trigger - transformation service fml
[11Aug2026 17:40:23.264] [main/DEBUG] [net.minecraftforge.fml.loading.LanguageLoadingProvider/CORE]: Found 4 language providers
[11Aug2026 17:40:23.264] [main/DEBUG] [net.minecraftforge.fml.loading.LanguageLoadingProvider/CORE]: Found language provider minecraft, version 1.0
[11Aug2026 17:40:23.264] [main/DEBUG] [net.minecraftforge.fml.loading.LanguageLoadingProvider/CORE]: Found language provider javafml, version 47
[11Aug2026 17:40:23.265] [main/DEBUG] [net.minecraftforge.fml.loading.LanguageLoadingProvider/CORE]: Found language provider kotlinforforge, version 4.3.0
[11Aug2026 17:40:23.265] [main/DEBUG] [net.minecraftforge.fml.loading.LanguageLoadingProvider/CORE]: Found language provider lowcodefml, version 47
[11Aug2026 17:40:23.266] [main/DEBUG] [net.minecraftforge.fml.loading.UniqueModListBuilder/]: Found 2 mods for first modid thedarkcolour.kotlinforforge.lib, selecting most recent based on version data
[11Aug2026 17:40:23.266] [main/DEBUG] [net.minecraftforge.fml.loading.UniqueModListBuilder/]: Selected file kfflib-4.3.0.jar for modid thedarkcolour.kotlinforforge.lib with version 4.3.0
[11Aug2026 17:40:23.267] [main/DEBUG] [net.minecraftforge.fml.loading.ModSorter/]: Configured system mods: [minecraft, forge]
[11Aug2026 17:40:23.267] [main/DEBUG] [net.minecraftforge.fml.loading.ModSorter/]: Found system mod: minecraft
[11Aug2026 17:40:23.267] [main/DEBUG] [net.minecraftforge.fml.loading.ModSorter/]: Found system mod: forge
[11Aug2026 17:40:23.268] [main/DEBUG] [net.minecraftforge.fml.loading.ModSorter/LOADING]: Found 12 mod requirements (10 mandatory, 2 optional)
[11Aug2026 17:40:23.268] [main/DEBUG] [net.minecraftforge.fml.loading.ModSorter/LOADING]: Found 0 mod requirements missing (0 mandatory, 0 optional)
[11Aug2026 17:40:23.460] [main/DEBUG] [net.minecraftforge.fml.loading.MCPNamingService/CORE]: Loaded 31003 field mappings from fields.csv
[11Aug2026 17:40:23.478] [main/DEBUG] [net.minecraftforge.fml.loading.MCPNamingService/CORE]: Loaded 33222 method mappings from methods.csv
[11Aug2026 17:40:23.520] [main/DEBUG] [cpw.mods.modlauncher.TransformationServicesHandler/MODLAUNCHER]: Transformation services loading transformers
[11Aug2026 17:40:23.520] [main/DEBUG] [cpw.mods.modlauncher.TransformationServiceDecorator/MODLAUNCHER]: Initializing transformers for transformation service mixin
[11Aug2026 17:40:23.520] [main/DEBUG] [cpw.mods.modlauncher.TransformationServiceDecorator/MODLAUNCHER]: Initialized transformers for transformation service mixin
[11Aug2026 17:40:23.521] [main/DEBUG] [cpw.mods.modlauncher.TransformationServiceDecorator/MODLAUNCHER]: Initializing transformers for transformation service fml
[11Aug2026 17:40:23.521] [main/DEBUG] [net.minecraftforge.fml.loading.FMLServiceProvider/CORE]: Loading coremod transformers
[11Aug2026 17:40:23.521] [main/DEBUG] [net.minecraftforge.coremod.CoreModEngine/COREMOD]: Loading CoreMod from coremods/field_to_method.js
[11Aug2026 17:40:23.636] [main/DEBUG] [net.minecraftforge.coremod.CoreModEngine/COREMOD]: CoreMod loaded successfully
[11Aug2026 17:40:23.636] [main/DEBUG] [net.minecraftforge.coremod.CoreModEngine/COREMOD]: Loading CoreMod from coremods/field_to_instanceof.js
[11Aug2026 17:40:23.694] [main/DEBUG] [net.minecraftforge.coremod.CoreModEngine/COREMOD]: CoreMod loaded successfully
[11Aug2026 17:40:23.694] [main/DEBUG] [net.minecraftforge.coremod.CoreModEngine/COREMOD]: Loading CoreMod from coremods/add_bouncer_method.js
[11Aug2026 17:40:23.722] [main/DEBUG] [net.minecraftforge.coremod.CoreModEngine/COREMOD]: CoreMod loaded successfully
[11Aug2026 17:40:23.722] [main/DEBUG] [net.minecraftforge.coremod.CoreModEngine/COREMOD]: Loading CoreMod from coremods/method_redirector.js
[11Aug2026 17:40:23.765] [main/DEBUG] [net.minecraftforge.coremod.CoreModEngine/COREMOD]: CoreMod loaded successfully
[11Aug2026 17:40:23.772] [main/DEBUG] [cpw.mods.modlauncher.TransformStore/MODLAUNCHER]: Adding transformer net.minecraftforge.coremod.transformer.CoreModClassTransformer@411a5965 to Target : CLASS {Lnet/minecraft/world/level/biome/Biome;} {} {V}
[11Aug2026 17:40:23.773] [main/DEBUG] [cpw.mods.modlauncher.TransformStore/MODLAUNCHER]: Adding transformer net.minecraftforge.coremod.transformer.CoreModClassTransformer@47311277 to Target : CLASS {Lnet/minecraft/world/level/levelgen/structure/Structure;} {} {V}
[11Aug2026 17:40:23.773] [main/DEBUG] [cpw.mods.modlauncher.TransformStore/MODLAUNCHER]: Adding transformer net.minecraftforge.coremod.transformer.CoreModClassTransformer@7930ffa9 to Target : CLASS {Lnet/minecraft/world/effect/MobEffectInstance;} {} {V}
[11Aug2026 17:40:23.773] [main/DEBUG] [cpw.mods.modlauncher.TransformStore/MODLAUNCHER]: Adding transformer net.minecraftforge.coremod.transformer.CoreModClassTransformer@1e60b459 to Target : CLASS {Lnet/minecraft/world/level/block/LiquidBlock;} {} {V}
[11Aug2026 17:40:23.773] [main/DEBUG] [cpw.mods.modlauncher.TransformStore/MODLAUNCHER]: Adding transformer net.minecraftforge.coremod.transformer.CoreModClassTransformer@717d7587 to Target : CLASS {Lnet/minecraft/world/item/BucketItem;} {} {V}
[11Aug2026 17:40:23.773] [main/DEBUG] [cpw.mods.modlauncher.TransformStore/MODLAUNCHER]: Adding transformer net.minecraftforge.coremod.transformer.CoreModClassTransformer@3e906375 to Target : CLASS {Lnet/minecraft/world/level/block/StairBlock;} {} {V}
[11Aug2026 17:40:23.773] [main/DEBUG] [cpw.mods.modlauncher.TransformStore/MODLAUNCHER]: Adding transformer net.minecraftforge.coremod.transformer.CoreModClassTransformer@40230eb9 to Target : CLASS {Lnet/minecraft/world/level/block/FlowerPotBlock;} {} {V}
[11Aug2026 17:40:23.773] [main/DEBUG] [cpw.mods.modlauncher.TransformStore/MODLAUNCHER]: Adding transformer net.minecraftforge.coremod.transformer.CoreModClassTransformer@5b7aa898 to Target : CLASS {Lnet/minecraft/world/item/ItemStack;} {} {V}
[11Aug2026 17:40:23.773] [main/DEBUG] [cpw.mods.modlauncher.TransformStore/MODLAUNCHER]: Adding transformer net.minecraftforge.coremod.transformer.CoreModClassTransformer@41b13f3d to Target : CLASS {Lnet/minecraft/network/play/client/CClientSettingsPacket;} {} {V}
[11Aug2026 17:40:23.773] [main/DEBUG] [cpw.mods.modlauncher.TransformStore/MODLAUNCHER]: Adding transformer net.minecraftforge.coremod.transformer.CoreModClassTransformer@7c0777b5 to Target : CLASS {Lnet/minecraft/world/level/NaturalSpawner;} {} {V}
[11Aug2026 17:40:23.773] [main/DEBUG] [cpw.mods.modlauncher.TransformStore/MODLAUNCHER]: Adding transformer net.minecraftforge.coremod.transformer.CoreModClassTransformer@7c0777b5 to Target : CLASS {Lnet/minecraft/world/entity/animal/frog/Tadpole;} {} {V}
[11Aug2026 17:40:23.773] [main/DEBUG] [cpw.mods.modlauncher.TransformStore/MODLAUNCHER]: Adding transformer net.minecraftforge.coremod.transformer.CoreModClassTransformer@7c0777b5 to Target : CLASS {Lnet/minecraft/world/entity/monster/Evoker$EvokerSummonSpellGoal;} {} {V}
[11Aug2026 17:40:23.773] [main/DEBUG] [cpw.mods.modlauncher.TransformStore/MODLAUNCHER]: Adding transformer net.minecraftforge.coremod.transformer.CoreModClassTransformer@7c0777b5 to Target : CLASS {Lnet/minecraft/world/entity/EntityType;} {} {V}
[11Aug2026 17:40:23.773] [main/DEBUG] [cpw.mods.modlauncher.TransformStore/MODLAUNCHER]: Adding transformer net.minecraftforge.coremod.transformer.CoreModClassTransformer@7c0777b5 to Target : CLASS {Lnet/minecraft/world/level/levelgen/PhantomSpawner;} {} {V}
[11Aug2026 17:40:23.773] [main/DEBUG] [cpw.mods.modlauncher.TransformStore/MODLAUNCHER]: Adding transformer net.minecraftforge.coremod.transformer.CoreModClassTransformer@7c0777b5 to Target : CLASS {Lnet/minecraft/world/entity/raid/Raid;} {} {V}
[11Aug2026 17:40:23.774] [main/DEBUG] [cpw.mods.modlauncher.TransformStore/MODLAUNCHER]: Adding transformer net.minecraftforge.coremod.transformer.CoreModClassTransformer@7c0777b5 to Target : CLASS {Lnet/minecraft/world/entity/npc/Villager;} {} {V}
[11Aug2026 17:40:23.774] [main/DEBUG] [cpw.mods.modlauncher.TransformStore/MODLAUNCHER]: Adding transformer net.minecraftforge.coremod.transformer.CoreModClassTransformer@7c0777b5 to Target : CLASS {Lnet/minecraft/world/entity/monster/Spider;} {} {V}
[11Aug2026 17:40:23.774] [main/DEBUG] [cpw.mods.modlauncher.TransformStore/MODLAUNCHER]: Adding transformer net.minecraftforge.coremod.transformer.CoreModClassTransformer@7c0777b5 to Target : CLASS {Lnet/minecraft/world/entity/monster/ZombieVillager;} {} {V}
[11Aug2026 17:40:23.774] [main/DEBUG] [cpw.mods.modlauncher.TransformStore/MODLAUNCHER]: Adding transformer net.minecraftforge.coremod.transformer.CoreModClassTransformer@7c0777b5 to Target : CLASS {Lnet/minecraft/world/level/levelgen/structure/structures/SwampHutPiece;} {} {V}
[11Aug2026 17:40:23.774] [main/DEBUG] [cpw.mods.modlauncher.TransformStore/MODLAUNCHER]: Adding transformer net.minecraftforge.coremod.transformer.CoreModClassTransformer@7c0777b5 to Target : CLASS {Lnet/minecraft/world/level/levelgen/structure/structures/OceanMonumentPieces$OceanMonumentPiece;} {} {V}
[11Aug2026 17:40:23.774] [main/DEBUG] [cpw.mods.modlauncher.TransformStore/MODLAUNCHER]: Adding transformer net.minecraftforge.coremod.transformer.CoreModClassTransformer@7c0777b5 to Target : CLASS {Lnet/minecraft/world/level/levelgen/PatrolSpawner;} {} {V}
[11Aug2026 17:40:23.774] [main/DEBUG] [cpw.mods.modlauncher.TransformStore/MODLAUNCHER]: Adding transformer net.minecraftforge.coremod.transformer.CoreModClassTransformer@7c0777b5 to Target : CLASS {Lnet/minecraft/world/level/levelgen/structure/structures/WoodlandMansionPieces$WoodlandMansionPiece;} {} {V}
[11Aug2026 17:40:23.774] [main/DEBUG] [cpw.mods.modlauncher.TransformStore/MODLAUNCHER]: Adding transformer net.minecraftforge.coremod.transformer.CoreModClassTransformer@7c0777b5 to Target : CLASS {Lnet/minecraft/world/entity/ai/village/VillageSiege;} {} {V}
[11Aug2026 17:40:23.774] [main/DEBUG] [cpw.mods.modlauncher.TransformStore/MODLAUNCHER]: Adding transformer net.minecraftforge.coremod.transformer.CoreModClassTransformer@7c0777b5 to Target : CLASS {Lnet/minecraft/world/entity/monster/Strider;} {} {V}
[11Aug2026 17:40:23.774] [main/DEBUG] [cpw.mods.modlauncher.TransformStore/MODLAUNCHER]: Adding transformer net.minecraftforge.coremod.transformer.CoreModClassTransformer@7c0777b5 to Target : CLASS {Lnet/minecraft/world/level/levelgen/structure/templatesystem/StructureTemplate;} {} {V}
[11Aug2026 17:40:23.774] [main/DEBUG] [cpw.mods.modlauncher.TransformStore/MODLAUNCHER]: Adding transformer net.minecraftforge.coremod.transformer.CoreModClassTransformer@7c0777b5 to Target : CLASS {Lnet/minecraft/server/commands/RaidCommand;} {} {V}
[11Aug2026 17:40:23.774] [main/DEBUG] [cpw.mods.modlauncher.TransformStore/MODLAUNCHER]: Adding transformer net.minecraftforge.coremod.transformer.CoreModClassTransformer@7c0777b5 to Target : CLASS {Lnet/minecraft/server/commands/SummonCommand;} {} {V}
[11Aug2026 17:40:23.774] [main/DEBUG] [cpw.mods.modlauncher.TransformStore/MODLAUNCHER]: Adding transformer net.minecraftforge.coremod.transformer.CoreModClassTransformer@7c0777b5 to Target : CLASS {Lnet/minecraft/world/entity/monster/Zombie;} {} {V}
[11Aug2026 17:40:23.774] [main/DEBUG] [cpw.mods.modlauncher.TransformStore/MODLAUNCHER]: Adding transformer net.minecraftforge.coremod.transformer.CoreModClassTransformer@7c0777b5 to Target : CLASS {Lnet/minecraft/world/entity/animal/horse/SkeletonTrapGoal;} {} {V}
[11Aug2026 17:40:23.774] [main/DEBUG] [cpw.mods.modlauncher.TransformStore/MODLAUNCHER]: Adding transformer net.minecraftforge.coremod.transformer.CoreModClassTransformer@7c0777b5 to Target : CLASS {Lnet/minecraft/world/entity/npc/CatSpawner;} {} {V}
[11Aug2026 17:40:23.774] [main/DEBUG] [cpw.mods.modlauncher.TransformStore/MODLAUNCHER]: Adding transformer net.minecraftforge.coremod.transformer.CoreModClassTransformer@7c0777b5 to Target : CLASS {Lnet/minecraft/world/level/levelgen/structure/structures/OceanRuinPieces$OceanRuinPiece;} {} {V}
[11Aug2026 17:40:23.774] [main/DEBUG] [cpw.mods.modlauncher.TransformationServiceDecorator/MODLAUNCHER]: Initialized transformers for transformation service fml
[11Aug2026 17:40:24.173] [main/DEBUG] [mixin/]: Processing prepare() for PlatformAgent[MixinPlatformAgentDefault:ModLauncher Root Container(ModLauncher:4f56a0a2)]
[11Aug2026 17:40:24.173] [main/DEBUG] [mixin/]: Processing launch tasks for PlatformAgent[MixinPlatformAgentDefault:ModLauncher Root Container(ModLauncher:4f56a0a2)]
[11Aug2026 17:40:24.173] [main/DEBUG] [mixin/]: Adding mixin platform agents for container SecureJarResource(tconstruct)
[11Aug2026 17:40:24.173] [main/DEBUG] [mixin/]: Instancing new MixinPlatformAgentMinecraftForge for SecureJarResource(tconstruct)
[11Aug2026 17:40:24.173] [main/DEBUG] [mixin/]: MixinPlatformAgentMinecraftForge rejected container SecureJarResource(tconstruct)
[11Aug2026 17:40:24.173] [main/DEBUG] [mixin/]: Instancing new MixinPlatformAgentDefault for SecureJarResource(tconstruct)
[11Aug2026 17:40:24.173] [main/DEBUG] [mixin/]: MixinPlatformAgentDefault accepted container SecureJarResource(tconstruct)
[11Aug2026 17:40:24.174] [main/DEBUG] [mixin/]: Processing prepare() for PlatformAgent[MixinPlatformAgentDefault:SecureJarResource(tconstruct)]
[11Aug2026 17:40:24.174] [main/DEBUG] [mixin/]: Adding mixin platform agents for container SecureJarResource(minecraft)
[11Aug2026 17:40:24.174] [main/DEBUG] [mixin/]: Instancing new MixinPlatformAgentMinecraftForge for SecureJarResource(minecraft)
[11Aug2026 17:40:24.174] [main/DEBUG] [mixin/]: MixinPlatformAgentMinecraftForge rejected container SecureJarResource(minecraft)
[11Aug2026 17:40:24.174] [main/DEBUG] [mixin/]: Instancing new MixinPlatformAgentDefault for SecureJarResource(minecraft)
[11Aug2026 17:40:24.174] [main/DEBUG] [mixin/]: MixinPlatformAgentDefault accepted container SecureJarResource(minecraft)
[11Aug2026 17:40:24.174] [main/DEBUG] [mixin/]: Processing prepare() for PlatformAgent[MixinPlatformAgentDefault:SecureJarResource(minecraft)]
[11Aug2026 17:40:24.174] [main/DEBUG] [mixin/]: Adding mixin platform agents for container SecureJarResource(kotlinforforge)
[11Aug2026 17:40:24.174] [main/DEBUG] [mixin/]: Instancing new MixinPlatformAgentMinecraftForge for SecureJarResource(kotlinforforge)
[11Aug2026 17:40:24.174] [main/DEBUG] [mixin/]: MixinPlatformAgentMinecraftForge rejected container SecureJarResource(kotlinforforge)
[11Aug2026 17:40:24.174] [main/DEBUG] [mixin/]: Instancing new MixinPlatformAgentDefault for SecureJarResource(kotlinforforge)
[11Aug2026 17:40:24.174] [main/DEBUG] [mixin/]: MixinPlatformAgentDefault accepted container SecureJarResource(kotlinforforge)
[11Aug2026 17:40:24.174] [main/DEBUG] [mixin/]: Processing prepare() for PlatformAgent[MixinPlatformAgentDefault:SecureJarResource(kotlinforforge)]
[11Aug2026 17:40:24.174] [main/DEBUG] [mixin/]: Adding mixin platform agents for container SecureJarResource(forge)
[11Aug2026 17:40:24.174] [main/DEBUG] [mixin/]: Instancing new MixinPlatformAgentMinecraftForge for SecureJarResource(forge)
[11Aug2026 17:40:24.174] [main/DEBUG] [mixin/]: MixinPlatformAgentMinecraftForge rejected container SecureJarResource(forge)
[11Aug2026 17:40:24.174] [main/DEBUG] [mixin/]: Instancing new MixinPlatformAgentDefault for SecureJarResource(forge)
[11Aug2026 17:40:24.174] [main/DEBUG] [mixin/]: MixinPlatformAgentDefault accepted container SecureJarResource(forge)
[11Aug2026 17:40:24.174] [main/DEBUG] [mixin/]: Processing prepare() for PlatformAgent[MixinPlatformAgentDefault:SecureJarResource(forge)]
[11Aug2026 17:40:24.174] [main/DEBUG] [mixin/]: Adding mixin platform agents for container SecureJarResource(mantle)
[11Aug2026 17:40:24.174] [main/DEBUG] [mixin/]: Instancing new MixinPlatformAgentMinecraftForge for SecureJarResource(mantle)
[11Aug2026 17:40:24.175] [main/DEBUG] [mixin/]: MixinPlatformAgentMinecraftForge rejected container SecureJarResource(mantle)
[11Aug2026 17:40:24.175] [main/DEBUG] [mixin/]: Instancing new MixinPlatformAgentDefault for SecureJarResource(mantle)
[11Aug2026 17:40:24.175] [main/DEBUG] [mixin/]: MixinPlatformAgentDefault accepted container SecureJarResource(mantle)
[11Aug2026 17:40:24.175] [main/DEBUG] [mixin/]: Processing prepare() for PlatformAgent[MixinPlatformAgentDefault:SecureJarResource(mantle)]
[11Aug2026 17:40:24.175] [main/DEBUG] [mixin/]: Adding mixin platform agents for container SecureJarResource(tconaffixes)
[11Aug2026 17:40:24.175] [main/DEBUG] [mixin/]: Instancing new MixinPlatformAgentMinecraftForge for SecureJarResource(tconaffixes)
[11Aug2026 17:40:24.175] [main/DEBUG] [mixin/]: MixinPlatformAgentMinecraftForge rejected container SecureJarResource(tconaffixes)
[11Aug2026 17:40:24.175] [main/DEBUG] [mixin/]: Instancing new MixinPlatformAgentDefault for SecureJarResource(tconaffixes)
[11Aug2026 17:40:24.175] [main/DEBUG] [mixin/]: MixinPlatformAgentDefault accepted container SecureJarResource(tconaffixes)
[11Aug2026 17:40:24.175] [main/DEBUG] [mixin/]: Processing prepare() for PlatformAgent[MixinPlatformAgentDefault:SecureJarResource(tconaffixes)]
[11Aug2026 17:40:24.175] [main/DEBUG] [mixin/]: Adding mixin platform agents for container SecureJarResource(thedarkcolour.kotlinforforge.lib)
[11Aug2026 17:40:24.175] [main/DEBUG] [mixin/]: Instancing new MixinPlatformAgentMinecraftForge for SecureJarResource(thedarkcolour.kotlinforforge.lib)
[11Aug2026 17:40:24.175] [main/DEBUG] [mixin/]: MixinPlatformAgentMinecraftForge rejected container SecureJarResource(thedarkcolour.kotlinforforge.lib)
[11Aug2026 17:40:24.175] [main/DEBUG] [mixin/]: Instancing new MixinPlatformAgentDefault for SecureJarResource(thedarkcolour.kotlinforforge.lib)
[11Aug2026 17:40:24.175] [main/DEBUG] [mixin/]: MixinPlatformAgentDefault accepted container SecureJarResource(thedarkcolour.kotlinforforge.lib)
[11Aug2026 17:40:24.175] [main/DEBUG] [mixin/]: Processing prepare() for PlatformAgent[MixinPlatformAgentDefault:SecureJarResource(thedarkcolour.kotlinforforge.lib)]
[11Aug2026 17:40:24.175] [main/DEBUG] [mixin/]: inject() running with 8 agents
[11Aug2026 17:40:24.175] [main/DEBUG] [mixin/]: Processing inject() for PlatformAgent[MixinPlatformAgentDefault:ModLauncher Root Container(ModLauncher:4f56a0a2)]
[11Aug2026 17:40:24.175] [main/DEBUG] [mixin/]: Processing inject() for PlatformAgent[MixinPlatformAgentDefault:SecureJarResource(tconstruct)]
[11Aug2026 17:40:24.175] [main/DEBUG] [mixin/]: Processing inject() for PlatformAgent[MixinPlatformAgentDefault:SecureJarResource(minecraft)]
[11Aug2026 17:40:24.175] [main/DEBUG] [mixin/]: Processing inject() for PlatformAgent[MixinPlatformAgentDefault:SecureJarResource(kotlinforforge)]
[11Aug2026 17:40:24.175] [main/DEBUG] [mixin/]: Processing inject() for PlatformAgent[MixinPlatformAgentDefault:SecureJarResource(forge)]
[11Aug2026 17:40:24.175] [main/DEBUG] [mixin/]: Processing inject() for PlatformAgent[MixinPlatformAgentDefault:SecureJarResource(mantle)]
[11Aug2026 17:40:24.175] [main/DEBUG] [mixin/]: Processing inject() for PlatformAgent[MixinPlatformAgentDefault:SecureJarResource(tconaffixes)]
[11Aug2026 17:40:24.176] [main/DEBUG] [mixin/]: Processing inject() for PlatformAgent[MixinPlatformAgentDefault:SecureJarResource(thedarkcolour.kotlinforforge.lib)]
[11Aug2026 17:40:24.176] [main/INFO] [cpw.mods.modlauncher.LaunchServiceHandler/MODLAUNCHER]: Launching target 'forgeclientuserdev' with arguments [--version, MOD_DEV, --gameDir, ., --assetsDir, /home/dev/.gradle/caches/forge_gradle/assets, --assetIndex, 5]
[11Aug2026 17:40:24.189] [main/DEBUG] [mixin/]: Error cleaning class output directory: .mixin.out
[11Aug2026 17:40:24.190] [main/DEBUG] [mixin/]: Preparing mixins for MixinEnvironment[DEFAULT]
[11Aug2026 17:40:24.335] [main/DEBUG] [io.netty.util.internal.logging.InternalLoggerFactory/]: Using SLF4J as the default logging framework
[11Aug2026 17:40:24.336] [main/DEBUG] [io.netty.util.ResourceLeakDetector/]: -Dio.netty.leakDetection.level: simple
[11Aug2026 17:40:24.336] [main/DEBUG] [io.netty.util.ResourceLeakDetector/]: -Dio.netty.leakDetection.targetRecords: 4
[11Aug2026 17:40:24.397] [main/DEBUG] [oshi.util.FileUtil/]: No oshi.properties file found from ClassLoader cpw.mods.modlauncher.TransformingClassLoader@101a461c
[11Aug2026 17:40:24.425] [main/DEBUG] [oshi.util.FileUtil/]: Reading file /proc/self/auxv
[11Aug2026 17:40:24.426] [main/DEBUG] [oshi.util.FileUtil/]: Reading file /proc/self/auxv
[11Aug2026 17:40:24.432] [main/DEBUG] [oshi.util.FileUtil/]: Reading file /proc/stat
[11Aug2026 17:40:24.437] [main/DEBUG] [oshi.util.FileUtil/]: Reading file /sys/devices/system/cpu/cpu0/topology/core_id
[11Aug2026 17:40:24.437] [main/DEBUG] [oshi.util.FileUtil/]: Reading file /sys/devices/system/cpu/cpu0/topology/core_id
[11Aug2026 17:40:24.437] [main/DEBUG] [oshi.util.FileUtil/]: Reading file /sys/devices/system/cpu/cpu0/topology/physical_package_id
[11Aug2026 17:40:24.437] [main/DEBUG] [oshi.util.FileUtil/]: Reading file /sys/devices/system/cpu/cpu0/topology/physical_package_id
[11Aug2026 17:40:24.437] [main/DEBUG] [oshi.util.FileUtil/]: Reading file /sys/devices/system/cpu/cpu0/cpu_capacity
[11Aug2026 17:40:24.438] [main/DEBUG] [oshi.util.FileUtil/]: Reading file /sys/devices/system/cpu/cpu1/topology/core_id
[11Aug2026 17:40:24.438] [main/DEBUG] [oshi.util.FileUtil/]: Reading file /sys/devices/system/cpu/cpu1/topology/core_id
[11Aug2026 17:40:24.438] [main/DEBUG] [oshi.util.FileUtil/]: Reading file /sys/devices/system/cpu/cpu1/topology/physical_package_id
[11Aug2026 17:40:24.438] [main/DEBUG] [oshi.util.FileUtil/]: Reading file /sys/devices/system/cpu/cpu1/topology/physical_package_id
[11Aug2026 17:40:24.438] [main/DEBUG] [oshi.util.FileUtil/]: Reading file /sys/devices/system/cpu/cpu1/cpu_capacity
[11Aug2026 17:40:24.439] [main/DEBUG] [oshi.util.FileUtil/]: Reading file /sys/devices/system/cpu/cpu10/topology/core_id
[11Aug2026 17:40:24.439] [main/DEBUG] [oshi.util.FileUtil/]: Reading file /sys/devices/system/cpu/cpu10/topology/core_id
[11Aug2026 17:40:24.439] [main/DEBUG] [oshi.util.FileUtil/]: Reading file /sys/devices/system/cpu/cpu10/topology/physical_package_id
[11Aug2026 17:40:24.439] [main/DEBUG] [oshi.util.FileUtil/]: Reading file /sys/devices/system/cpu/cpu10/topology/physical_package_id
[11Aug2026 17:40:24.439] [main/DEBUG] [oshi.util.FileUtil/]: Reading file /sys/devices/system/cpu/cpu10/cpu_capacity
[11Aug2026 17:40:24.439] [main/DEBUG] [oshi.util.FileUtil/]: Reading file /sys/devices/system/cpu/cpu11/topology/core_id
[11Aug2026 17:40:24.439] [main/DEBUG] [oshi.util.FileUtil/]: Reading file /sys/devices/system/cpu/cpu11/topology/core_id
[11Aug2026 17:40:24.439] [main/DEBUG] [oshi.util.FileUtil/]: Reading file /sys/devices/system/cpu/cpu11/topology/physical_package_id
[11Aug2026 17:40:24.440] [main/DEBUG] [oshi.util.FileUtil/]: Reading file /sys/devices/system/cpu/cpu11/topology/physical_package_id
[11Aug2026 17:40:24.440] [main/DEBUG] [oshi.util.FileUtil/]: Reading file /sys/devices/system/cpu/cpu11/cpu_capacity
[11Aug2026 17:40:24.440] [main/DEBUG] [oshi.util.FileUtil/]: Reading file /sys/devices/system/cpu/cpu2/topology/core_id
[11Aug2026 17:40:24.440] [main/DEBUG] [oshi.util.FileUtil/]: Reading file /sys/devices/system/cpu/cpu2/topology/core_id
[11Aug2026 17:40:24.440] [main/DEBUG] [oshi.util.FileUtil/]: Reading file /sys/devices/system/cpu/cpu2/topology/physical_package_id
[11Aug2026 17:40:24.440] [main/DEBUG] [oshi.util.FileUtil/]: Reading file /sys/devices/system/cpu/cpu2/topology/physical_package_id
[11Aug2026 17:40:24.440] [main/DEBUG] [oshi.util.FileUtil/]: Reading file /sys/devices/system/cpu/cpu2/cpu_capacity
[11Aug2026 17:40:24.440] [main/DEBUG] [oshi.util.FileUtil/]: Reading file /sys/devices/system/cpu/cpu3/topology/core_id
[11Aug2026 17:40:24.440] [main/DEBUG] [oshi.util.FileUtil/]: Reading file /sys/devices/system/cpu/cpu3/topology/core_id
[11Aug2026 17:40:24.440] [main/DEBUG] [oshi.util.FileUtil/]: Reading file /sys/devices/system/cpu/cpu3/topology/physical_package_id
[11Aug2026 17:40:24.440] [main/DEBUG] [oshi.util.FileUtil/]: Reading file /sys/devices/system/cpu/cpu3/topology/physical_package_id
[11Aug2026 17:40:24.440] [main/DEBUG] [oshi.util.FileUtil/]: Reading file /sys/devices/system/cpu/cpu3/cpu_capacity
[11Aug2026 17:40:24.441] [main/DEBUG] [oshi.util.FileUtil/]: Reading file /sys/devices/system/cpu/cpu4/topology/core_id
[11Aug2026 17:40:24.441] [main/DEBUG] [oshi.util.FileUtil/]: Reading file /sys/devices/system/cpu/cpu4/topology/core_id
[11Aug2026 17:40:24.441] [main/DEBUG] [oshi.util.FileUtil/]: Reading file /sys/devices/system/cpu/cpu4/topology/physical_package_id
[11Aug2026 17:40:24.441] [main/DEBUG] [oshi.util.FileUtil/]: Reading file /sys/devices/system/cpu/cpu4/topology/physical_package_id
[11Aug2026 17:40:24.441] [main/DEBUG] [oshi.util.FileUtil/]: Reading file /sys/devices/system/cpu/cpu4/cpu_capacity
[11Aug2026 17:40:24.441] [main/DEBUG] [oshi.util.FileUtil/]: Reading file /sys/devices/system/cpu/cpu5/topology/core_id
[11Aug2026 17:40:24.441] [main/DEBUG] [oshi.util.FileUtil/]: Reading file /sys/devices/system/cpu/cpu5/topology/core_id
[11Aug2026 17:40:24.441] [main/DEBUG] [oshi.util.FileUtil/]: Reading file /sys/devices/system/cpu/cpu5/topology/physical_package_id
[11Aug2026 17:40:24.441] [main/DEBUG] [oshi.util.FileUtil/]: Reading file /sys/devices/system/cpu/cpu5/topology/physical_package_id
[11Aug2026 17:40:24.441] [main/DEBUG] [oshi.util.FileUtil/]: Reading file /sys/devices/system/cpu/cpu5/cpu_capacity
[11Aug2026 17:40:24.441] [main/DEBUG] [oshi.util.FileUtil/]: Reading file /sys/devices/system/cpu/cpu6/topology/core_id
[11Aug2026 17:40:24.441] [main/DEBUG] [oshi.util.FileUtil/]: Reading file /sys/devices/system/cpu/cpu6/topology/core_id
[11Aug2026 17:40:24.441] [main/DEBUG] [oshi.util.FileUtil/]: Reading file /sys/devices/system/cpu/cpu6/topology/physical_package_id
[11Aug2026 17:40:24.441] [main/DEBUG] [oshi.util.FileUtil/]: Reading file /sys/devices/system/cpu/cpu6/topology/physical_package_id
[11Aug2026 17:40:24.441] [main/DEBUG] [oshi.util.FileUtil/]: Reading file /sys/devices/system/cpu/cpu6/cpu_capacity
[11Aug2026 17:40:24.441] [main/DEBUG] [oshi.util.FileUtil/]: Reading file /sys/devices/system/cpu/cpu7/topology/core_id
[11Aug2026 17:40:24.441] [main/DEBUG] [oshi.util.FileUtil/]: Reading file /sys/devices/system/cpu/cpu7/topology/core_id
[11Aug2026 17:40:24.442] [main/DEBUG] [oshi.util.FileUtil/]: Reading file /sys/devices/system/cpu/cpu7/topology/physical_package_id
[11Aug2026 17:40:24.442] [main/DEBUG] [oshi.util.FileUtil/]: Reading file /sys/devices/system/cpu/cpu7/topology/physical_package_id
[11Aug2026 17:40:24.442] [main/DEBUG] [oshi.util.FileUtil/]: Reading file /sys/devices/system/cpu/cpu7/cpu_capacity
[11Aug2026 17:40:24.442] [main/DEBUG] [oshi.util.FileUtil/]: Reading file /sys/devices/system/cpu/cpu8/topology/core_id
[11Aug2026 17:40:24.442] [main/DEBUG] [oshi.util.FileUtil/]: Reading file /sys/devices/system/cpu/cpu8/topology/core_id
[11Aug2026 17:40:24.442] [main/DEBUG] [oshi.util.FileUtil/]: Reading file /sys/devices/system/cpu/cpu8/topology/physical_package_id
[11Aug2026 17:40:24.442] [main/DEBUG] [oshi.util.FileUtil/]: Reading file /sys/devices/system/cpu/cpu8/topology/physical_package_id
[11Aug2026 17:40:24.442] [main/DEBUG] [oshi.util.FileUtil/]: Reading file /sys/devices/system/cpu/cpu8/cpu_capacity
[11Aug2026 17:40:24.442] [main/DEBUG] [oshi.util.FileUtil/]: Reading file /sys/devices/system/cpu/cpu9/topology/core_id
[11Aug2026 17:40:24.442] [main/DEBUG] [oshi.util.FileUtil/]: Reading file /sys/devices/system/cpu/cpu9/topology/core_id
[11Aug2026 17:40:24.442] [main/DEBUG] [oshi.util.FileUtil/]: Reading file /sys/devices/system/cpu/cpu9/topology/physical_package_id
[11Aug2026 17:40:24.442] [main/DEBUG] [oshi.util.FileUtil/]: Reading file /sys/devices/system/cpu/cpu9/topology/physical_package_id
[11Aug2026 17:40:24.443] [main/DEBUG] [oshi.util.FileUtil/]: Reading file /sys/devices/system/cpu/cpu9/cpu_capacity
[11Aug2026 17:40:24.444] [main/DEBUG] [oshi.util.FileUtil/]: Reading file /proc/cpuinfo
[11Aug2026 17:40:24.448] [main/DEBUG] [oshi.util.FileUtil/]: Reading file /proc/self/auxv
[11Aug2026 17:40:24.449] [main/DEBUG] [oshi.util.FileUtil/]: No oshi.architecture.properties file found from ClassLoader cpw.mods.modlauncher.TransformingClassLoader@101a461c
[11Aug2026 17:40:24.456] [main/DEBUG] [oshi.util.FileUtil/]: Reading file /proc/meminfo
[11Aug2026 17:40:24.457] [main/DEBUG] [oshi.util.FileUtil/]: Reading file /proc/meminfo
[11Aug2026 17:40:24.567] [pool-4-thread-1/DEBUG] [net.minecraftforge.coremod.transformer.CoreModBaseTransformer/COREMOD]: Transforming net/minecraft/world/entity/EntityType
[11Aug2026 17:40:24.744] [pool-4-thread-1/DEBUG] [net.minecraftforge.coremod.transformer.CoreModBaseTransformer/COREMOD]: Transforming net/minecraft/world/level/block/LiquidBlock
[11Aug2026 17:40:24.764] [pool-4-thread-1/DEBUG] [net.minecraftforge.coremod.transformer.CoreModBaseTransformer/COREMOD]: Transforming net/minecraft/world/level/block/StairBlock
[11Aug2026 17:40:24.802] [pool-4-thread-1/DEBUG] [net.minecraftforge.coremod.transformer.CoreModBaseTransformer/COREMOD]: Transforming net/minecraft/world/level/block/FlowerPotBlock
[11Aug2026 17:40:25.154] [pool-4-thread-1/DEBUG] [net.minecraftforge.coremod.transformer.CoreModBaseTransformer/COREMOD]: Transforming net/minecraft/world/item/ItemStack
[11Aug2026 17:40:25.428] [pool-4-thread-1/DEBUG] [net.minecraftforge.coremod.transformer.CoreModBaseTransformer/COREMOD]: Transforming net/minecraft/world/entity/animal/frog/Tadpole
[11Aug2026 17:40:25.454] [pool-4-thread-1/DEBUG] [net.minecraftforge.coremod.transformer.CoreModBaseTransformer/COREMOD]: Transforming net/minecraft/world/item/BucketItem
[11Aug2026 17:40:25.796] [pool-4-thread-1/DEBUG] [net.minecraftforge.coremod.transformer.CoreModBaseTransformer/COREMOD]: Transforming net/minecraft/world/entity/monster/Spider
[11Aug2026 17:40:25.827] [pool-4-thread-1/DEBUG] [net.minecraftforge.coremod.transformer.CoreModBaseTransformer/COREMOD]: Transforming net/minecraft/world/entity/monster/Zombie
[11Aug2026 17:40:25.842] [Datafixer Bootstrap/INFO] [com.mojang.datafixers.DataFixerBuilder/]: 188 Datafixer optimizations took 82 milliseconds
[11Aug2026 17:40:25.857] [pool-4-thread-1/DEBUG] [net.minecraftforge.coremod.transformer.CoreModBaseTransformer/COREMOD]: Transforming net/minecraft/world/entity/monster/ZombieVillager
[11Aug2026 17:40:25.895] [pool-4-thread-1/DEBUG] [net.minecraftforge.coremod.transformer.CoreModBaseTransformer/COREMOD]: Transforming net/minecraft/world/entity/monster/Evoker$EvokerSummonSpellGoal
[11Aug2026 17:40:25.964] [pool-4-thread-1/DEBUG] [net.minecraftforge.coremod.transformer.CoreModBaseTransformer/COREMOD]: Transforming net/minecraft/world/entity/animal/horse/SkeletonTrapGoal
[11Aug2026 17:40:25.973] [pool-4-thread-1/DEBUG] [net.minecraftforge.coremod.transformer.CoreModBaseTransformer/COREMOD]: Transforming net/minecraft/world/entity/monster/Strider
[11Aug2026 17:40:26.021] [pool-4-thread-1/DEBUG] [net.minecraftforge.coremod.transformer.CoreModBaseTransformer/COREMOD]: Transforming net/minecraft/world/entity/npc/Villager
[11Aug2026 17:40:26.068] [pool-4-thread-1/DEBUG] [net.minecraftforge.coremod.transformer.CoreModBaseTransformer/COREMOD]: Transforming net/minecraft/world/effect/MobEffectInstance
[11Aug2026 17:40:26.353] [pool-4-thread-1/DEBUG] [net.minecraftforge.coremod.transformer.CoreModBaseTransformer/COREMOD]: Transforming net/minecraft/world/level/levelgen/structure/Structure
[11Aug2026 17:40:26.372] [pool-4-thread-1/DEBUG] [net.minecraftforge.coremod.transformer.CoreModBaseTransformer/COREMOD]: Transforming net/minecraft/world/level/levelgen/structure/structures/OceanRuinPieces$OceanRuinPiece
[11Aug2026 17:40:26.377] [pool-4-thread-1/DEBUG] [net.minecraftforge.coremod.transformer.CoreModBaseTransformer/COREMOD]: Transforming net/minecraft/world/level/levelgen/structure/structures/SwampHutPiece
[11Aug2026 17:40:26.381] [pool-4-thread-1/DEBUG] [net.minecraftforge.coremod.transformer.CoreModBaseTransformer/COREMOD]: Transforming net/minecraft/world/level/levelgen/structure/structures/OceanMonumentPieces$OceanMonumentPiece
[11Aug2026 17:40:26.390] [pool-4-thread-1/DEBUG] [net.minecraftforge.coremod.transformer.CoreModBaseTransformer/COREMOD]: Transforming net/minecraft/world/level/levelgen/structure/structures/WoodlandMansionPieces$WoodlandMansionPiece
[11Aug2026 17:40:26.433] [pool-4-thread-1/DEBUG] [net.minecraftforge.coremod.transformer.CoreModBaseTransformer/COREMOD]: Transforming net/minecraft/world/level/biome/Biome
[11Aug2026 17:40:26.525] [pool-4-thread-1/DEBUG] [net.minecraftforge.registries.GameData/REGISTRIES]: Creating vanilla freeze snapshot
[11Aug2026 17:40:26.526] [pool-4-thread-1/DEBUG] [net.minecraftforge.registries.ForgeRegistry/REGISTRIES]: Registry minecraft:block Sync: VANILLA -> ACTIVE
[11Aug2026 17:40:26.534] [pool-4-thread-1/DEBUG] [net.minecraftforge.registries.ForgeRegistry/REGISTRIES]: Registry minecraft:fluid Sync: VANILLA -> ACTIVE
[11Aug2026 17:40:26.534] [pool-4-thread-1/DEBUG] [net.minecraftforge.registries.ForgeRegistry/REGISTRIES]: Registry minecraft:item Sync: VANILLA -> ACTIVE
[11Aug2026 17:40:26.539] [pool-4-thread-1/DEBUG] [net.minecraftforge.registries.ForgeRegistry/REGISTRIES]: Registry minecraft:mob_effect Sync: VANILLA -> ACTIVE
[11Aug2026 17:40:26.540] [pool-4-thread-1/DEBUG] [net.minecraftforge.registries.ForgeRegistry/REGISTRIES]: Registry minecraft:sound_event Sync: VANILLA -> ACTIVE
[11Aug2026 17:40:26.545] [pool-4-thread-1/DEBUG] [net.minecraftforge.registries.ForgeRegistry/REGISTRIES]: Registry minecraft:potion Sync: VANILLA -> ACTIVE
[11Aug2026 17:40:26.545] [pool-4-thread-1/DEBUG] [net.minecraftforge.registries.ForgeRegistry/REGISTRIES]: Registry minecraft:enchantment Sync: VANILLA -> ACTIVE
[11Aug2026 17:40:26.546] [pool-4-thread-1/DEBUG] [net.minecraftforge.registries.ForgeRegistry/REGISTRIES]: Registry minecraft:entity_type Sync: VANILLA -> ACTIVE
[11Aug2026 17:40:26.546] [pool-4-thread-1/DEBUG] [net.minecraftforge.registries.ForgeRegistry/REGISTRIES]: Registry minecraft:block_entity_type Sync: VANILLA -> ACTIVE
[11Aug2026 17:40:26.546] [pool-4-thread-1/DEBUG] [net.minecraftforge.registries.ForgeRegistry/REGISTRIES]: Registry minecraft:particle_type Sync: VANILLA -> ACTIVE
[11Aug2026 17:40:26.547] [pool-4-thread-1/DEBUG] [net.minecraftforge.registries.ForgeRegistry/REGISTRIES]: Registry minecraft:menu Sync: VANILLA -> ACTIVE
[11Aug2026 17:40:26.547] [pool-4-thread-1/DEBUG] [net.minecraftforge.registries.ForgeRegistry/REGISTRIES]: Registry minecraft:painting_variant Sync: VANILLA -> ACTIVE
[11Aug2026 17:40:26.547] [pool-4-thread-1/DEBUG] [net.minecraftforge.registries.ForgeRegistry/REGISTRIES]: Registry minecraft:recipe_type Sync: VANILLA -> ACTIVE
[11Aug2026 17:40:26.547] [pool-4-thread-1/DEBUG] [net.minecraftforge.registries.ForgeRegistry/REGISTRIES]: Registry minecraft:recipe_serializer Sync: VANILLA -> ACTIVE
[11Aug2026 17:40:26.547] [pool-4-thread-1/DEBUG] [net.minecraftforge.registries.ForgeRegistry/REGISTRIES]: Registry minecraft:attribute Sync: VANILLA -> ACTIVE
[11Aug2026 17:40:26.547] [pool-4-thread-1/DEBUG] [net.minecraftforge.registries.ForgeRegistry/REGISTRIES]: Registry minecraft:stat_type Sync: VANILLA -> ACTIVE
[11Aug2026 17:40:26.548] [pool-4-thread-1/DEBUG] [net.minecraftforge.registries.ForgeRegistry/REGISTRIES]: Registry minecraft:command_argument_type Sync: VANILLA -> ACTIVE
[11Aug2026 17:40:26.548] [pool-4-thread-1/DEBUG] [net.minecraftforge.registries.ForgeRegistry/REGISTRIES]: Registry minecraft:villager_profession Sync: VANILLA -> ACTIVE
[11Aug2026 17:40:26.548] [pool-4-thread-1/DEBUG] [net.minecraftforge.registries.ForgeRegistry/REGISTRIES]: Registry minecraft:point_of_interest_type Sync: VANILLA -> ACTIVE
[11Aug2026 17:40:26.550] [pool-4-thread-1/DEBUG] [net.minecraftforge.registries.ForgeRegistry/REGISTRIES]: Registry minecraft:memory_module_type Sync: VANILLA -> ACTIVE
[11Aug2026 17:40:26.551] [pool-4-thread-1/DEBUG] [net.minecraftforge.registries.ForgeRegistry/REGISTRIES]: Registry minecraft:sensor_type Sync: VANILLA -> ACTIVE
[11Aug2026 17:40:26.551] [pool-4-thread-1/DEBUG] [net.minecraftforge.registries.ForgeRegistry/REGISTRIES]: Registry minecraft:schedule Sync: VANILLA -> ACTIVE
[11Aug2026 17:40:26.551] [pool-4-thread-1/DEBUG] [net.minecraftforge.registries.ForgeRegistry/REGISTRIES]: Registry minecraft:activity Sync: VANILLA -> ACTIVE
[11Aug2026 17:40:26.551] [pool-4-thread-1/DEBUG] [net.minecraftforge.registries.ForgeRegistry/REGISTRIES]: Registry minecraft:worldgen/carver Sync: VANILLA -> ACTIVE
[11Aug2026 17:40:26.551] [pool-4-thread-1/DEBUG] [net.minecraftforge.registries.ForgeRegistry/REGISTRIES]: Registry minecraft:worldgen/feature Sync: VANILLA -> ACTIVE
[11Aug2026 17:40:26.551] [pool-4-thread-1/DEBUG] [net.minecraftforge.registries.ForgeRegistry/REGISTRIES]: Registry minecraft:chunk_status Sync: VANILLA -> ACTIVE
[11Aug2026 17:40:26.551] [pool-4-thread-1/DEBUG] [net.minecraftforge.registries.ForgeRegistry/REGISTRIES]: Registry minecraft:worldgen/block_state_provider_type Sync: VANILLA -> ACTIVE
[11Aug2026 17:40:26.552] [pool-4-thread-1/DEBUG] [net.minecraftforge.registries.ForgeRegistry/REGISTRIES]: Registry minecraft:worldgen/foliage_placer_type Sync: VANILLA -> ACTIVE
[11Aug2026 17:40:26.552] [pool-4-thread-1/DEBUG] [net.minecraftforge.registries.ForgeRegistry/REGISTRIES]: Registry minecraft:worldgen/tree_decorator_type Sync: VANILLA -> ACTIVE
[11Aug2026 17:40:26.552] [pool-4-thread-1/DEBUG] [net.minecraftforge.registries.ForgeRegistry/REGISTRIES]: Registry minecraft:worldgen/biome Sync: VANILLA -> ACTIVE
[11Aug2026 17:40:26.556] [pool-4-thread-1/DEBUG] [net.minecraftforge.registries.GameData/REGISTRIES]: Vanilla freeze snapshot created
[11Aug2026 17:40:26.565] [pool-4-thread-1/DEBUG] [io.netty.util.internal.PlatformDependent0/]: -Dio.netty.noUnsafe: false
[11Aug2026 17:40:26.566] [pool-4-thread-1/DEBUG] [io.netty.util.internal.PlatformDependent0/]: Java version: 17
[11Aug2026 17:40:26.566] [pool-4-thread-1/DEBUG] [io.netty.util.internal.PlatformDependent0/]: sun.misc.Unsafe.theUnsafe: available
[11Aug2026 17:40:26.566] [pool-4-thread-1/DEBUG] [io.netty.util.internal.PlatformDependent0/]: sun.misc.Unsafe.copyMemory: available
[11Aug2026 17:40:26.566] [pool-4-thread-1/DEBUG] [io.netty.util.internal.PlatformDependent0/]: sun.misc.Unsafe.storeFence: available
[11Aug2026 17:40:26.566] [pool-4-thread-1/DEBUG] [io.netty.util.internal.PlatformDependent0/]: java.nio.Buffer.address: available
[11Aug2026 17:40:26.566] [pool-4-thread-1/DEBUG] [io.netty.util.internal.PlatformDependent0/]: direct buffer constructor: unavailable
java.lang.UnsupportedOperationException: Reflective setAccessible(true) disabled
	at io.netty.util.internal.ReflectionUtil.trySetAccessible(ReflectionUtil.java:31) ~[netty-common-4.1.82.Final.jar%23141!/:4.1.82.Final]
	at io.netty.util.internal.PlatformDependent0$5.run(PlatformDependent0.java:288) ~[netty-common-4.1.82.Final.jar%23141!/:4.1.82.Final]
	at java.security.AccessController.doPrivileged(AccessController.java:318) ~[?:?]
	at io.netty.util.internal.PlatformDependent0.<clinit>(PlatformDependent0.java:282) ~[netty-common-4.1.82.Final.jar%23141!/:4.1.82.Final]
	at io.netty.util.internal.PlatformDependent.isAndroid(PlatformDependent.java:333) ~[netty-common-4.1.82.Final.jar%23141!/:4.1.82.Final]
	at io.netty.util.internal.PlatformDependent.<clinit>(PlatformDependent.java:88) ~[netty-common-4.1.82.Final.jar%23141!/:4.1.82.Final]
	at io.netty.util.ConstantPool.<init>(ConstantPool.java:34) ~[netty-common-4.1.82.Final.jar%23141!/:4.1.82.Final]
	at io.netty.util.AttributeKey$1.<init>(AttributeKey.java:27) ~[netty-common-4.1.82.Final.jar%23141!/:4.1.82.Final]
	at io.netty.util.AttributeKey.<clinit>(AttributeKey.java:27) ~[netty-common-4.1.82.Final.jar%23141!/:4.1.82.Final]
	at net.minecraftforge.network.NetworkConstants.<clinit>(NetworkConstants.java:34) ~[forge-1.20.1-47.4.13_mapped_official_1.20.1.jar%23180%23187!/:?]
	at net.minecraftforge.network.NetworkHooks.init(NetworkHooks.java:52) ~[forge-1.20.1-47.4.13_mapped_official_1.20.1.jar%23180%23187!/:?]
	at net.minecraft.server.Bootstrap.bootStrap(Bootstrap.java:62) ~[forge-1.20.1-47.4.13_mapped_official_1.20.1.jar%23181!/:?]
	at net.minecraft.client.main.Main.lambda$main$0(Main.java:151) ~[forge-1.20.1-47.4.13_mapped_official_1.20.1.jar%23181!/:?]
	at java.util.concurrent.Executors$RunnableAdapter.call(Executors.java:539) ~[?:?]
	at java.util.concurrent.FutureTask.run(FutureTask.java:264) ~[?:?]
	at java.util.concurrent.ThreadPoolExecutor.runWorker(ThreadPoolExecutor.java:1136) ~[?:?]
	at java.util.concurrent.ThreadPoolExecutor$Worker.run(ThreadPoolExecutor.java:635) ~[?:?]
	at java.lang.Thread.run(Thread.java:840) ~[?:?]
[11Aug2026 17:40:26.567] [pool-4-thread-1/DEBUG] [io.netty.util.internal.PlatformDependent0/]: java.nio.Bits.unaligned: available, true
[11Aug2026 17:40:26.567] [pool-4-thread-1/DEBUG] [io.netty.util.internal.PlatformDependent0/]: jdk.internal.misc.Unsafe.allocateUninitializedArray(int): unavailable
java.lang.IllegalAccessException: class io.netty.util.internal.PlatformDependent0$7 (in module io.netty.common) cannot access class jdk.internal.misc.Unsafe (in module java.base) because module java.base does not export jdk.internal.misc to module io.netty.common
	at jdk.internal.reflect.Reflection.newIllegalAccessException(Reflection.java:392) ~[?:?]
	at java.lang.reflect.AccessibleObject.checkAccess(AccessibleObject.java:674) ~[?:?]
	at java.lang.reflect.Method.invoke(Method.java:561) ~[?:?]
	at io.netty.util.internal.PlatformDependent0$7.run(PlatformDependent0.java:410) ~[netty-common-4.1.82.Final.jar%23141!/:4.1.82.Final]
	at java.security.AccessController.doPrivileged(AccessController.java:318) ~[?:?]
	at io.netty.util.internal.PlatformDependent0.<clinit>(PlatformDependent0.java:401) ~[netty-common-4.1.82.Final.jar%23141!/:4.1.82.Final]
	at io.netty.util.internal.PlatformDependent.isAndroid(PlatformDependent.java:333) ~[netty-common-4.1.82.Final.jar%23141!/:4.1.82.Final]
	at io.netty.util.internal.PlatformDependent.<clinit>(PlatformDependent.java:88) ~[netty-common-4.1.82.Final.jar%23141!/:4.1.82.Final]
	at io.netty.util.ConstantPool.<init>(ConstantPool.java:34) ~[netty-common-4.1.82.Final.jar%23141!/:4.1.82.Final]
	at io.netty.util.AttributeKey$1.<init>(AttributeKey.java:27) ~[netty-common-4.1.82.Final.jar%23141!/:4.1.82.Final]
	at io.netty.util.AttributeKey.<clinit>(AttributeKey.java:27) ~[netty-common-4.1.82.Final.jar%23141!/:4.1.82.Final]
	at net.minecraftforge.network.NetworkConstants.<clinit>(NetworkConstants.java:34) ~[forge-1.20.1-47.4.13_mapped_official_1.20.1.jar%23180%23187!/:?]
	at net.minecraftforge.network.NetworkHooks.init(NetworkHooks.java:52) ~[forge-1.20.1-47.4.13_mapped_official_1.20.1.jar%23180%23187!/:?]
	at net.minecraft.server.Bootstrap.bootStrap(Bootstrap.java:62) ~[forge-1.20.1-47.4.13_mapped_official_1.20.1.jar%23181!/:?]
	at net.minecraft.client.main.Main.lambda$main$0(Main.java:151) ~[forge-1.20.1-47.4.13_mapped_official_1.20.1.jar%23181!/:?]
	at java.util.concurrent.Executors$RunnableAdapter.call(Executors.java:539) ~[?:?]
	at java.util.concurrent.FutureTask.run(FutureTask.java:264) ~[?:?]
	at java.util.concurrent.ThreadPoolExecutor.runWorker(ThreadPoolExecutor.java:1136) ~[?:?]
	at java.util.concurrent.ThreadPoolExecutor$Worker.run(ThreadPoolExecutor.java:635) ~[?:?]
	at java.lang.Thread.run(Thread.java:840) ~[?:?]
[11Aug2026 17:40:26.568] [pool-4-thread-1/DEBUG] [io.netty.util.internal.PlatformDependent0/]: java.nio.DirectByteBuffer.<init>(long, int): unavailable
[11Aug2026 17:40:26.568] [pool-4-thread-1/DEBUG] [io.netty.util.internal.PlatformDependent/]: sun.misc.Unsafe: available
[11Aug2026 17:40:26.568] [pool-4-thread-1/DEBUG] [io.netty.util.internal.PlatformDependent/]: maxDirectMemory: 16223567872 bytes (maybe)
[11Aug2026 17:40:26.568] [pool-4-thread-1/DEBUG] [io.netty.util.internal.PlatformDependent/]: -Dio.netty.tmpdir: /tmp (java.io.tmpdir)
[11Aug2026 17:40:26.568] [pool-4-thread-1/DEBUG] [io.netty.util.internal.PlatformDependent/]: -Dio.netty.bitMode: 64 (sun.arch.data.model)
[11Aug2026 17:40:26.569] [pool-4-thread-1/DEBUG] [io.netty.util.internal.PlatformDependent/]: -Dio.netty.maxDirectMemory: -1 bytes
[11Aug2026 17:40:26.569] [pool-4-thread-1/DEBUG] [io.netty.util.internal.PlatformDependent/]: -Dio.netty.uninitializedArrayAllocationThreshold: -1
[11Aug2026 17:40:26.569] [pool-4-thread-1/DEBUG] [io.netty.util.internal.CleanerJava9/]: java.nio.ByteBuffer.cleaner(): available
[11Aug2026 17:40:26.569] [pool-4-thread-1/DEBUG] [io.netty.util.internal.PlatformDependent/]: -Dio.netty.noPreferDirect: false
[11Aug2026 17:40:26.593] [pool-4-thread-1/DEBUG] [net.minecraftforge.network.NetworkHooks/]: Loading Network data for FML net version: FML3
[11Aug2026 17:40:26.711] [Render thread/WARN] [net.minecraft.server.packs.VanillaPackResourcesBuilder/]: Assets URL 'union:/home/dev/.gradle/caches/forge_gradle/minecraft_user_repo/net/minecraftforge/forge/1.20.1-47.4.13_mapped_official_1.20.1/forge-1.20.1-47.4.13_mapped_official_1.20.1.jar%23181!/assets/.mcassetsroot' uses unexpected schema
[11Aug2026 17:40:26.712] [Render thread/WARN] [net.minecraft.server.packs.VanillaPackResourcesBuilder/]: Assets URL 'union:/home/dev/.gradle/caches/forge_gradle/minecraft_user_repo/net/minecraftforge/forge/1.20.1-47.4.13_mapped_official_1.20.1/forge-1.20.1-47.4.13_mapped_official_1.20.1.jar%23181!/data/.mcassetsroot' uses unexpected schema
[11Aug2026 17:40:26.718] [Render thread/INFO] [com.mojang.authlib.yggdrasil.YggdrasilAuthenticationService/]: Environment: authHost='https://authserver.mojang.com', accountsHost='https://api.mojang.com', sessionHost='https://sessionserver.mojang.com', servicesHost='https://api.minecraftservices.com', name='PROD'
[11Aug2026 17:40:26.720] [Render thread/INFO] [net.minecraft.client.Minecraft/]: Setting user: Dev
[11Aug2026 17:40:26.753] [Render thread/INFO] [net.minecraft.client.Minecraft/]: Backend library: LWJGL version 3.3.1 build 7
[11Aug2026 17:40:26.778] [Render thread/DEBUG] [oshi.util.FileUtil/]: Reading file /sys/devices/system/cpu/cpu0/topology/core_id
[11Aug2026 17:40:26.778] [Render thread/DEBUG] [oshi.util.FileUtil/]: Reading file /sys/devices/system/cpu/cpu0/topology/core_id
[11Aug2026 17:40:26.779] [Render thread/DEBUG] [oshi.util.FileUtil/]: Reading file /sys/devices/system/cpu/cpu0/topology/physical_package_id
[11Aug2026 17:40:26.779] [Render thread/DEBUG] [oshi.util.FileUtil/]: Reading file /sys/devices/system/cpu/cpu0/topology/physical_package_id
[11Aug2026 17:40:26.779] [Render thread/DEBUG] [oshi.util.FileUtil/]: Reading file /sys/devices/system/cpu/cpu0/cpu_capacity
[11Aug2026 17:40:26.779] [Render thread/DEBUG] [oshi.util.FileUtil/]: Reading file /sys/devices/system/cpu/cpu1/topology/core_id
[11Aug2026 17:40:26.779] [Render thread/DEBUG] [oshi.util.FileUtil/]: Reading file /sys/devices/system/cpu/cpu1/topology/core_id
[11Aug2026 17:40:26.779] [Render thread/DEBUG] [oshi.util.FileUtil/]: Reading file /sys/devices/system/cpu/cpu1/topology/physical_package_id
[11Aug2026 17:40:26.779] [Render thread/DEBUG] [oshi.util.FileUtil/]: Reading file /sys/devices/system/cpu/cpu1/topology/physical_package_id
[11Aug2026 17:40:26.779] [Render thread/DEBUG] [oshi.util.FileUtil/]: Reading file /sys/devices/system/cpu/cpu1/cpu_capacity
[11Aug2026 17:40:26.779] [Render thread/DEBUG] [oshi.util.FileUtil/]: Reading file /sys/devices/system/cpu/cpu10/topology/core_id
[11Aug2026 17:40:26.779] [Render thread/DEBUG] [oshi.util.FileUtil/]: Reading file /sys/devices/system/cpu/cpu10/topology/core_id
[11Aug2026 17:40:26.779] [Render thread/DEBUG] [oshi.util.FileUtil/]: Reading file /sys/devices/system/cpu/cpu10/topology/physical_package_id
[11Aug2026 17:40:26.779] [Render thread/DEBUG] [oshi.util.FileUtil/]: Reading file /sys/devices/system/cpu/cpu10/topology/physical_package_id
[11Aug2026 17:40:26.779] [Render thread/DEBUG] [oshi.util.FileUtil/]: Reading file /sys/devices/system/cpu/cpu10/cpu_capacity
[11Aug2026 17:40:26.779] [Render thread/DEBUG] [oshi.util.FileUtil/]: Reading file /sys/devices/system/cpu/cpu11/topology/core_id
[11Aug2026 17:40:26.779] [Render thread/DEBUG] [oshi.util.FileUtil/]: Reading file /sys/devices/system/cpu/cpu11/topology/core_id
[11Aug2026 17:40:26.779] [Render thread/DEBUG] [oshi.util.FileUtil/]: Reading file /sys/devices/system/cpu/cpu11/topology/physical_package_id
[11Aug2026 17:40:26.779] [Render thread/DEBUG] [oshi.util.FileUtil/]: Reading file /sys/devices/system/cpu/cpu11/topology/physical_package_id
[11Aug2026 17:40:26.780] [Render thread/DEBUG] [oshi.util.FileUtil/]: Reading file /sys/devices/system/cpu/cpu11/cpu_capacity
[11Aug2026 17:40:26.780] [Render thread/DEBUG] [oshi.util.FileUtil/]: Reading file /sys/devices/system/cpu/cpu2/topology/core_id
[11Aug2026 17:40:26.780] [Render thread/DEBUG] [oshi.util.FileUtil/]: Reading file /sys/devices/system/cpu/cpu2/topology/core_id
[11Aug2026 17:40:26.780] [Render thread/DEBUG] [oshi.util.FileUtil/]: Reading file /sys/devices/system/cpu/cpu2/topology/physical_package_id
[11Aug2026 17:40:26.780] [Render thread/DEBUG] [oshi.util.FileUtil/]: Reading file /sys/devices/system/cpu/cpu2/topology/physical_package_id
[11Aug2026 17:40:26.780] [Render thread/DEBUG] [oshi.util.FileUtil/]: Reading file /sys/devices/system/cpu/cpu2/cpu_capacity
[11Aug2026 17:40:26.780] [Render thread/DEBUG] [oshi.util.FileUtil/]: Reading file /sys/devices/system/cpu/cpu3/topology/core_id
[11Aug2026 17:40:26.780] [Render thread/DEBUG] [oshi.util.FileUtil/]: Reading file /sys/devices/system/cpu/cpu3/topology/core_id
[11Aug2026 17:40:26.780] [Render thread/DEBUG] [oshi.util.FileUtil/]: Reading file /sys/devices/system/cpu/cpu3/topology/physical_package_id
[11Aug2026 17:40:26.780] [Render thread/DEBUG] [oshi.util.FileUtil/]: Reading file /sys/devices/system/cpu/cpu3/topology/physical_package_id
[11Aug2026 17:40:26.780] [Render thread/DEBUG] [oshi.util.FileUtil/]: Reading file /sys/devices/system/cpu/cpu3/cpu_capacity
[11Aug2026 17:40:26.780] [Render thread/DEBUG] [oshi.util.FileUtil/]: Reading file /sys/devices/system/cpu/cpu4/topology/core_id
[11Aug2026 17:40:26.780] [Render thread/DEBUG] [oshi.util.FileUtil/]: Reading file /sys/devices/system/cpu/cpu4/topology/core_id
[11Aug2026 17:40:26.780] [Render thread/DEBUG] [oshi.util.FileUtil/]: Reading file /sys/devices/system/cpu/cpu4/topology/physical_package_id
[11Aug2026 17:40:26.780] [Render thread/DEBUG] [oshi.util.FileUtil/]: Reading file /sys/devices/system/cpu/cpu4/topology/physical_package_id
[11Aug2026 17:40:26.780] [Render thread/DEBUG] [oshi.util.FileUtil/]: Reading file /sys/devices/system/cpu/cpu4/cpu_capacity
[11Aug2026 17:40:26.780] [Render thread/DEBUG] [oshi.util.FileUtil/]: Reading file /sys/devices/system/cpu/cpu5/topology/core_id
[11Aug2026 17:40:26.780] [Render thread/DEBUG] [oshi.util.FileUtil/]: Reading file /sys/devices/system/cpu/cpu5/topology/core_id
[11Aug2026 17:40:26.780] [Render thread/DEBUG] [oshi.util.FileUtil/]: Reading file /sys/devices/system/cpu/cpu5/topology/physical_package_id
[11Aug2026 17:40:26.780] [Render thread/DEBUG] [oshi.util.FileUtil/]: Reading file /sys/devices/system/cpu/cpu5/topology/physical_package_id
[11Aug2026 17:40:26.780] [Render thread/DEBUG] [oshi.util.FileUtil/]: Reading file /sys/devices/system/cpu/cpu5/cpu_capacity
[11Aug2026 17:40:26.780] [Render thread/DEBUG] [oshi.util.FileUtil/]: Reading file /sys/devices/system/cpu/cpu6/topology/core_id
[11Aug2026 17:40:26.780] [Render thread/DEBUG] [oshi.util.FileUtil/]: Reading file /sys/devices/system/cpu/cpu6/topology/core_id
[11Aug2026 17:40:26.780] [Render thread/DEBUG] [oshi.util.FileUtil/]: Reading file /sys/devices/system/cpu/cpu6/topology/physical_package_id
[11Aug2026 17:40:26.780] [Render thread/DEBUG] [oshi.util.FileUtil/]: Reading file /sys/devices/system/cpu/cpu6/topology/physical_package_id
[11Aug2026 17:40:26.780] [Render thread/DEBUG] [oshi.util.FileUtil/]: Reading file /sys/devices/system/cpu/cpu6/cpu_capacity
[11Aug2026 17:40:26.781] [Render thread/DEBUG] [oshi.util.FileUtil/]: Reading file /sys/devices/system/cpu/cpu7/topology/core_id
[11Aug2026 17:40:26.781] [Render thread/DEBUG] [oshi.util.FileUtil/]: Reading file /sys/devices/system/cpu/cpu7/topology/core_id
[11Aug2026 17:40:26.781] [Render thread/DEBUG] [oshi.util.FileUtil/]: Reading file /sys/devices/system/cpu/cpu7/topology/physical_package_id
[11Aug2026 17:40:26.781] [Render thread/DEBUG] [oshi.util.FileUtil/]: Reading file /sys/devices/system/cpu/cpu7/topology/physical_package_id
[11Aug2026 17:40:26.781] [Render thread/DEBUG] [oshi.util.FileUtil/]: Reading file /sys/devices/system/cpu/cpu7/cpu_capacity
[11Aug2026 17:40:26.781] [Render thread/DEBUG] [oshi.util.FileUtil/]: Reading file /sys/devices/system/cpu/cpu8/topology/core_id
[11Aug2026 17:40:26.781] [Render thread/DEBUG] [oshi.util.FileUtil/]: Reading file /sys/devices/system/cpu/cpu8/topology/core_id
[11Aug2026 17:40:26.781] [Render thread/DEBUG] [oshi.util.FileUtil/]: Reading file /sys/devices/system/cpu/cpu8/topology/physical_package_id
[11Aug2026 17:40:26.781] [Render thread/DEBUG] [oshi.util.FileUtil/]: Reading file /sys/devices/system/cpu/cpu8/topology/physical_package_id
[11Aug2026 17:40:26.781] [Render thread/DEBUG] [oshi.util.FileUtil/]: Reading file /sys/devices/system/cpu/cpu8/cpu_capacity
[11Aug2026 17:40:26.781] [Render thread/DEBUG] [oshi.util.FileUtil/]: Reading file /sys/devices/system/cpu/cpu9/topology/core_id
[11Aug2026 17:40:26.781] [Render thread/DEBUG] [oshi.util.FileUtil/]: Reading file /sys/devices/system/cpu/cpu9/topology/core_id
[11Aug2026 17:40:26.781] [Render thread/DEBUG] [oshi.util.FileUtil/]: Reading file /sys/devices/system/cpu/cpu9/topology/physical_package_id
[11Aug2026 17:40:26.781] [Render thread/DEBUG] [oshi.util.FileUtil/]: Reading file /sys/devices/system/cpu/cpu9/topology/physical_package_id
[11Aug2026 17:40:26.781] [Render thread/DEBUG] [oshi.util.FileUtil/]: Reading file /sys/devices/system/cpu/cpu9/cpu_capacity
[11Aug2026 17:40:26.781] [Render thread/DEBUG] [oshi.util.FileUtil/]: Reading file /proc/cpuinfo
[11Aug2026 17:40:26.785] [Render thread/DEBUG] [oshi.util.FileUtil/]: Reading file /proc/self/auxv
[11Aug2026 17:40:26.822] [Render thread/DEBUG] [net.minecraftforge.common.ForgeI18n/CORE]: Loading I18N data entries: 6434
[11Aug2026 17:40:26.835] [Render thread/DEBUG] [net.minecraftforge.fml.ModWorkManager/LOADING]: Using 12 threads for parallel mod-loading
[11Aug2026 17:40:26.844] [Render thread/DEBUG] [net.minecraftforge.fml.javafmlmod.FMLJavaModLanguageProvider/LOADING]: Loading FMLModContainer from classloader cpw.mods.modlauncher.TransformingClassLoader@101a461c - got cpw.mods.cl.ModuleClassLoader@6ceb7b5e
[11Aug2026 17:40:26.845] [Render thread/DEBUG] [net.minecraftforge.fml.javafmlmod.FMLModContainer/LOADING]: Creating FMLModContainer instance for slimeknights.tconstruct.TConstruct
[11Aug2026 17:40:26.848] [Render thread/DEBUG] [thedarkcolour.kotlinforforge.LoggerKt/LOADING]: Loading KotlinModContainer from classloader cpw.mods.modlauncher.TransformingClassLoader@101a461c - got cpw.mods.cl.ModuleClassLoader@6ceb7b5e}
[11Aug2026 17:40:26.848] [Render thread/DEBUG] [thedarkcolour.kotlinforforge.LoggerKt/LOADING]: Creating KotlinModContainer instance for thedarkcolour.kotlinforforge.test.KotlinForForge
[11Aug2026 17:40:26.849] [Render thread/DEBUG] [net.minecraftforge.fml.javafmlmod.FMLJavaModLanguageProvider/LOADING]: Loading FMLModContainer from classloader cpw.mods.modlauncher.TransformingClassLoader@101a461c - got cpw.mods.cl.ModuleClassLoader@6ceb7b5e
[11Aug2026 17:40:26.849] [Render thread/DEBUG] [net.minecraftforge.fml.javafmlmod.FMLModContainer/LOADING]: Creating FMLModContainer instance for net.minecraftforge.common.ForgeMod
[11Aug2026 17:40:26.851] [Render thread/DEBUG] [net.minecraftforge.fml.javafmlmod.FMLJavaModLanguageProvider/LOADING]: Loading FMLModContainer from classloader cpw.mods.modlauncher.TransformingClassLoader@101a461c - got cpw.mods.cl.ModuleClassLoader@6ceb7b5e
[11Aug2026 17:40:26.851] [Render thread/DEBUG] [net.minecraftforge.fml.javafmlmod.FMLModContainer/LOADING]: Creating FMLModContainer instance for slimeknights.mantle.Mantle
[11Aug2026 17:40:26.852] [Render thread/DEBUG] [net.minecraftforge.fml.javafmlmod.FMLJavaModLanguageProvider/LOADING]: Loading FMLModContainer from classloader cpw.mods.modlauncher.TransformingClassLoader@101a461c - got cpw.mods.cl.ModuleClassLoader@6ceb7b5e
[11Aug2026 17:40:26.852] [Render thread/DEBUG] [net.minecraftforge.fml.javafmlmod.FMLModContainer/LOADING]: Creating FMLModContainer instance for io.github.tconaffixes.TConAffixesMod
[11Aug2026 17:40:26.880] [modloading-worker-0/DEBUG] [net.minecraftforge.versions.forge.ForgeVersion/CORE]: Forge Version package package net.minecraftforge.versions.forge, Forge, version 47.4 from cpw.mods.modlauncher.TransformingClassLoader@101a461c
[11Aug2026 17:40:26.880] [modloading-worker-0/DEBUG] [net.minecraftforge.versions.forge.ForgeVersion/CORE]: Found Forge version 47.4.13
[11Aug2026 17:40:26.880] [modloading-worker-0/DEBUG] [net.minecraftforge.versions.forge.ForgeVersion/CORE]: Found Forge spec 47.4
[11Aug2026 17:40:26.880] [modloading-worker-0/DEBUG] [net.minecraftforge.versions.forge.ForgeVersion/CORE]: Found Forge group net.minecraftforge
[11Aug2026 17:40:26.881] [modloading-worker-0/DEBUG] [net.minecraftforge.versions.mcp.MCPVersion/CORE]: MCP Version package package net.minecraftforge.versions.mcp, Minecraft, version 1.20.1 from cpw.mods.modlauncher.TransformingClassLoader@101a461c
[11Aug2026 17:40:26.883] [modloading-worker-0/DEBUG] [net.minecraftforge.versions.mcp.MCPVersion/CORE]: Found MC version information 1.20.1
[11Aug2026 17:40:26.883] [modloading-worker-0/DEBUG] [net.minecraftforge.versions.mcp.MCPVersion/CORE]: Found MCP version information 20230612.114412
[11Aug2026 17:40:26.883] [modloading-worker-0/INFO] [net.minecraftforge.common.ForgeMod/FORGEMOD]: Forge mod loading, version 47.4.13, for MC 1.20.1 with MCP 20230612.114412
[11Aug2026 17:40:26.885] [modloading-worker-0/INFO] [net.minecraftforge.common.MinecraftForge/FORGE]: MinecraftForge v47.4.13 Initialized
[11Aug2026 17:40:26.887] [modloading-worker-0/DEBUG] [net.minecraftforge.fml.config.ConfigTracker/CONFIG]: Config file mantle-client.toml for mantle tracking
[11Aug2026 17:40:26.887] [modloading-worker-0/DEBUG] [net.minecraftforge.fml.config.ConfigTracker/CONFIG]: Config file mantle-server.toml for mantle tracking
[11Aug2026 17:40:26.901] [modloading-worker-0/DEBUG] [net.minecraftforge.fml.config.ConfigTracker/CONFIG]: Config file tconstruct-common.toml for tconstruct tracking
[11Aug2026 17:40:26.901] [modloading-worker-0/DEBUG] [net.minecraftforge.fml.config.ConfigTracker/CONFIG]: Config file tconstruct-client.toml for tconstruct tracking
[11Aug2026 17:40:26.922] [modloading-worker-0/DEBUG] [net.minecraftforge.fml.javafmlmod.AutomaticEventSubscriber/LOADING]: Attempting to inject @EventBusSubscriber classes into the eventbus for mantle
[11Aug2026 17:40:26.943] [modloading-worker-0/DEBUG] [net.minecraftforge.fml.javafmlmod.AutomaticEventSubscriber/LOADING]: Auto-subscribing slimeknights.mantle.client.render.MantleShaders to MOD
[11Aug2026 17:40:26.947] [modloading-worker-0/DEBUG] [net.minecraftforge.fml.javafmlmod.AutomaticEventSubscriber/LOADING]: Auto-subscribing slimeknights.mantle.client.ClientEvents to MOD
[11Aug2026 17:40:26.950] [modloading-worker-0/DEBUG] [net.minecraftforge.fml.javafmlmod.AutomaticEventSubscriber/LOADING]: Auto-subscribing slimeknights.mantle.MantleEvents to FORGE
[11Aug2026 17:40:26.953] [modloading-worker-0/DEBUG] [net.minecraftforge.fml.config.ConfigTracker/CONFIG]: Config file tconaffixes-server.toml for tconaffixes tracking
[11Aug2026 17:40:26.972] [modloading-worker-0/DEBUG] [net.minecraftforge.fml.config.ConfigTracker/CONFIG]: Config file forge-client.toml for forge tracking
[11Aug2026 17:40:26.972] [modloading-worker-0/DEBUG] [net.minecraftforge.fml.config.ConfigTracker/CONFIG]: Config file forge-server.toml for forge tracking
[11Aug2026 17:40:26.972] [modloading-worker-0/DEBUG] [net.minecraftforge.fml.ModLoadingContext/]: Attempted to register an empty config for type COMMON on mod forge
[11Aug2026 17:40:26.979] [modloading-worker-0/DEBUG] [net.minecraftforge.fml.javafmlmod.AutomaticEventSubscriber/LOADING]: Attempting to inject @EventBusSubscriber classes into the eventbus for tconaffixes
[11Aug2026 17:40:26.979] [modloading-worker-0/DEBUG] [net.minecraftforge.fml.javafmlmod.AutomaticEventSubscriber/LOADING]: Auto-subscribing io.github.tconaffixes.AffixClientEvents to FORGE
[11Aug2026 17:40:26.986] [modloading-worker-0/DEBUG] [net.minecraftforge.fml.javafmlmod.AutomaticEventSubscriber/LOADING]: Attempting to inject @EventBusSubscriber classes into the eventbus for forge
[11Aug2026 17:40:26.986] [modloading-worker-0/DEBUG] [net.minecraftforge.fml.javafmlmod.AutomaticEventSubscriber/LOADING]: Auto-subscribing net.minecraftforge.common.ForgeSpawnEggItem$CommonHandler to MOD
[11Aug2026 17:40:26.987] [modloading-worker-0/DEBUG] [net.minecraftforge.fml.javafmlmod.AutomaticEventSubscriber/LOADING]: Auto-subscribing net.minecraftforge.common.ForgeSpawnEggItem$ColorRegisterHandler to MOD
[11Aug2026 17:40:26.990] [modloading-worker-0/DEBUG] [net.minecraftforge.fml.javafmlmod.AutomaticEventSubscriber/LOADING]: Auto-subscribing net.minecraftforge.client.model.data.ModelDataManager to FORGE
[11Aug2026 17:40:26.992] [modloading-worker-0/DEBUG] [net.minecraftforge.fml.javafmlmod.AutomaticEventSubscriber/LOADING]: Auto-subscribing net.minecraftforge.client.ForgeHooksClient$ClientEvents to MOD
[11Aug2026 17:40:26.995] [modloading-worker-0/DEBUG] [net.minecraftforge.fml.javafmlmod.AutomaticEventSubscriber/LOADING]: Auto-subscribing net.minecraftforge.client.ClientForgeMod to MOD
[11Aug2026 17:40:27.134] [modloading-worker-0/INFO] [thedarkcolour.kotlinforforge.test.KotlinForForge/]: Kotlin For Forge Enabled!
[11Aug2026 17:40:27.135] [modloading-worker-0/DEBUG] [thedarkcolour.kotlinforforge.LoggerKt/LOADING]: Attempting to inject @EventBusSubscriber kotlin objects in to the event bus for kotlinforforge
[11Aug2026 17:40:27.386] [modloading-worker-0/DEBUG] [net.minecraftforge.fml.javafmlmod.AutomaticEventSubscriber/LOADING]: Attempting to inject @EventBusSubscriber classes into the eventbus for tconstruct
[11Aug2026 17:40:27.387] [modloading-worker-0/DEBUG] [net.minecraftforge.fml.javafmlmod.AutomaticEventSubscriber/LOADING]: Auto-subscribing slimeknights.tconstruct.world.WorldEvents to FORGE
[11Aug2026 17:40:27.392] [modloading-worker-0/DEBUG] [net.minecraftforge.fml.javafmlmod.AutomaticEventSubscriber/LOADING]: Auto-subscribing slimeknights.tconstruct.world.WorldClientEvents to MOD
[11Aug2026 17:40:27.408] [modloading-worker-0/DEBUG] [net.minecraftforge.fml.javafmlmod.AutomaticEventSubscriber/LOADING]: Auto-subscribing slimeknights.tconstruct.tools.logic.ToolEvents to FORGE
[11Aug2026 17:40:27.415] [modloading-worker-0/DEBUG] [net.minecraftforge.fml.javafmlmod.AutomaticEventSubscriber/LOADING]: Auto-subscribing slimeknights.tconstruct.tools.logic.ModifierEvents to FORGE
[11Aug2026 17:40:27.419] [modloading-worker-0/DEBUG] [net.minecraftforge.fml.javafmlmod.AutomaticEventSubscriber/LOADING]: Auto-subscribing slimeknights.tconstruct.tools.logic.InteractionHandler to FORGE
[11Aug2026 17:40:27.423] [modloading-worker-0/DEBUG] [net.minecraftforge.fml.javafmlmod.AutomaticEventSubscriber/LOADING]: Auto-subscribing slimeknights.tconstruct.tools.logic.DoubleJumpHandler to FORGE
[11Aug2026 17:40:27.423] [modloading-worker-0/DEBUG] [net.minecraftforge.fml.javafmlmod.AutomaticEventSubscriber/LOADING]: Auto-subscribing slimeknights.tconstruct.tools.client.ToolRenderEvents to FORGE
[11Aug2026 17:40:27.434] [modloading-worker-0/DEBUG] [net.minecraftforge.fml.javafmlmod.AutomaticEventSubscriber/LOADING]: Auto-subscribing slimeknights.tconstruct.tools.client.ModifierClientEvents to FORGE
[11Aug2026 17:40:27.440] [modloading-worker-0/DEBUG] [net.minecraftforge.fml.javafmlmod.AutomaticEventSubscriber/LOADING]: Auto-subscribing slimeknights.tconstruct.tools.client.ClientInteractionHandler to FORGE
[11Aug2026 17:40:27.441] [modloading-worker-0/DEBUG] [net.minecraftforge.fml.javafmlmod.AutomaticEventSubscriber/LOADING]: Auto-subscribing slimeknights.tconstruct.tools.ToolClientEvents to MOD
[11Aug2026 17:40:27.446] [modloading-worker-0/DEBUG] [net.minecraftforge.fml.javafmlmod.AutomaticEventSubscriber/LOADING]: Auto-subscribing slimeknights.tconstruct.tables.TableClientEvents to MOD
[11Aug2026 17:40:27.447] [modloading-worker-0/DEBUG] [net.minecraftforge.fml.javafmlmod.AutomaticEventSubscriber/LOADING]: Auto-subscribing slimeknights.tconstruct.smeltery.SmelteryClientEvents to MOD
[11Aug2026 17:40:27.448] [modloading-worker-0/DEBUG] [net.minecraftforge.fml.javafmlmod.AutomaticEventSubscriber/LOADING]: Auto-subscribing slimeknights.tconstruct.shared.TinkerClient to FORGE
[11Aug2026 17:40:27.449] [modloading-worker-0/DEBUG] [net.minecraftforge.fml.javafmlmod.AutomaticEventSubscriber/LOADING]: Auto-subscribing slimeknights.tconstruct.shared.CommonsEvents to FORGE
[11Aug2026 17:40:27.450] [modloading-worker-0/DEBUG] [net.minecraftforge.fml.javafmlmod.AutomaticEventSubscriber/LOADING]: Auto-subscribing slimeknights.tconstruct.shared.CommonsClientEvents to MOD
[11Aug2026 17:40:27.451] [modloading-worker-0/DEBUG] [net.minecraftforge.fml.javafmlmod.AutomaticEventSubscriber/LOADING]: Auto-subscribing slimeknights.tconstruct.shared.AchievementEvents to FORGE
[11Aug2026 17:40:27.452] [modloading-worker-0/DEBUG] [net.minecraftforge.fml.javafmlmod.AutomaticEventSubscriber/LOADING]: Auto-subscribing slimeknights.tconstruct.gadgets.GadgetClientEvents to MOD
[11Aug2026 17:40:27.453] [modloading-worker-0/DEBUG] [net.minecraftforge.fml.javafmlmod.AutomaticEventSubscriber/LOADING]: Auto-subscribing slimeknights.tconstruct.fluids.FluidEvents to FORGE
[11Aug2026 17:40:27.455] [modloading-worker-0/DEBUG] [net.minecraftforge.fml.javafmlmod.AutomaticEventSubscriber/LOADING]: Auto-subscribing slimeknights.tconstruct.fluids.FluidClientEvents to MOD
[11Aug2026 17:40:27.456] [modloading-worker-0/DEBUG] [net.minecraftforge.fml.javafmlmod.AutomaticEventSubscriber/LOADING]: Auto-subscribing slimeknights.tconstruct.common.Sounds to MOD
[11Aug2026 17:40:27.456] [modloading-worker-0/DEBUG] [net.minecraftforge.fml.javafmlmod.AutomaticEventSubscriber/LOADING]: Auto-subscribing slimeknights.tconstruct.TConstruct to MOD
[11Aug2026 17:40:27.472] [Render thread/DEBUG] [net.minecraftforge.registries.ObjectHolderRegistry/REGISTRIES]: Processing ObjectHolder annotations
[11Aug2026 17:40:27.490] [Render thread/DEBUG] [net.minecraftforge.registries.ObjectHolderRegistry/REGISTRIES]: Found 5384 ObjectHolder annotations
[11Aug2026 17:40:27.494] [Render thread/DEBUG] [net.minecraftforge.common.capabilities.CapabilityManager/CAPABILITIES]: Attempting to automatically register: Lnet/minecraftforge/energy/IEnergyStorage;
[11Aug2026 17:40:27.495] [Render thread/DEBUG] [net.minecraftforge.common.capabilities.CapabilityManager/CAPABILITIES]: Attempting to automatically register: Lnet/minecraftforge/fluids/capability/IFluidHandler;
[11Aug2026 17:40:27.495] [Render thread/DEBUG] [net.minecraftforge.common.capabilities.CapabilityManager/CAPABILITIES]: Attempting to automatically register: Lnet/minecraftforge/fluids/capability/IFluidHandlerItem;
[11Aug2026 17:40:27.495] [Render thread/DEBUG] [net.minecraftforge.common.capabilities.CapabilityManager/CAPABILITIES]: Attempting to automatically register: Lnet/minecraftforge/items/IItemHandler;
[11Aug2026 17:40:27.496] [Render thread/DEBUG] [net.minecraftforge.registries.GameData/REGISTRIES]: Unfreezing vanilla registries
[11Aug2026 17:40:27.498] [Render thread/DEBUG] [net.minecraftforge.registries.GameData/REGISTRIES]: Applying holder lookups: minecraft:sound_event
[11Aug2026 17:40:27.501] [Render thread/DEBUG] [net.minecraftforge.registries.GameData/REGISTRIES]: Holder lookups applied: minecraft:sound_event
[11Aug2026 17:40:27.506] [Render thread/DEBUG] [net.minecraftforge.registries.GameData/REGISTRIES]: Applying holder lookups: minecraft:fluid
[11Aug2026 17:40:27.507] [Render thread/DEBUG] [net.minecraftforge.registries.GameData/REGISTRIES]: Holder lookups applied: minecraft:fluid
[11Aug2026 17:40:28.398] [Render thread/DEBUG] [net.minecraftforge.registries.GameData/REGISTRIES]: Applying holder lookups: minecraft:block
[11Aug2026 17:40:28.400] [Render thread/DEBUG] [net.minecraftforge.registries.GameData/REGISTRIES]: Holder lookups applied: minecraft:block
[11Aug2026 17:40:28.400] [Render thread/DEBUG] [net.minecraftforge.registries.GameData/REGISTRIES]: Applying holder lookups: minecraft:attribute
[11Aug2026 17:40:28.401] [Render thread/DEBUG] [net.minecraftforge.registries.GameData/REGISTRIES]: Holder lookups applied: minecraft:attribute
[11Aug2026 17:40:28.404] [Render thread/DEBUG] [net.minecraftforge.registries.GameData/REGISTRIES]: Applying holder lookups: minecraft:mob_effect
[11Aug2026 17:40:28.404] [Render thread/DEBUG] [net.minecraftforge.registries.GameData/REGISTRIES]: Holder lookups applied: minecraft:mob_effect
[11Aug2026 17:40:28.405] [Render thread/DEBUG] [net.minecraftforge.registries.GameData/REGISTRIES]: Applying holder lookups: minecraft:particle_type
[11Aug2026 17:40:28.406] [Render thread/DEBUG] [net.minecraftforge.registries.GameData/REGISTRIES]: Holder lookups applied: minecraft:particle_type
[11Aug2026 17:40:28.436] [Render thread/DEBUG] [net.minecraftforge.registries.GameData/REGISTRIES]: Applying holder lookups: minecraft:item
[11Aug2026 17:40:28.437] [Render thread/DEBUG] [net.minecraftforge.registries.GameData/REGISTRIES]: Holder lookups applied: minecraft:item
[11Aug2026 17:40:28.444] [Render thread/DEBUG] [net.minecraftforge.registries.GameData/REGISTRIES]: Applying holder lookups: minecraft:entity_type
[11Aug2026 17:40:28.445] [Render thread/DEBUG] [net.minecraftforge.registries.GameData/REGISTRIES]: Holder lookups applied: minecraft:entity_type
[11Aug2026 17:40:28.445] [Render thread/DEBUG] [net.minecraftforge.registries.GameData/REGISTRIES]: Applying holder lookups: minecraft:sensor_type
[11Aug2026 17:40:28.445] [Render thread/DEBUG] [net.minecraftforge.registries.GameData/REGISTRIES]: Holder lookups applied: minecraft:sensor_type
[11Aug2026 17:40:28.445] [Render thread/DEBUG] [net.minecraftforge.registries.GameData/REGISTRIES]: Applying holder lookups: minecraft:memory_module_type
[11Aug2026 17:40:28.446] [Render thread/DEBUG] [net.minecraftforge.registries.GameData/REGISTRIES]: Holder lookups applied: minecraft:memory_module_type
[11Aug2026 17:40:28.446] [Render thread/DEBUG] [net.minecraftforge.registries.GameData/REGISTRIES]: Applying holder lookups: minecraft:potion
[11Aug2026 17:40:28.446] [Render thread/DEBUG] [net.minecraftforge.registries.GameData/REGISTRIES]: Holder lookups applied: minecraft:potion
[11Aug2026 17:40:28.446] [Render thread/DEBUG] [net.minecraftforge.registries.GameData/REGISTRIES]: Applying holder lookups: minecraft:game_event
[11Aug2026 17:40:28.447] [Render thread/DEBUG] [net.minecraftforge.registries.GameData/REGISTRIES]: Holder lookups applied: minecraft:game_event
[11Aug2026 17:40:28.447] [Render thread/DEBUG] [net.minecraftforge.registries.GameData/REGISTRIES]: Applying holder lookups: minecraft:enchantment
[11Aug2026 17:40:28.447] [Render thread/DEBUG] [net.minecraftforge.registries.GameData/REGISTRIES]: Holder lookups applied: minecraft:enchantment
[11Aug2026 17:40:28.449] [Render thread/DEBUG] [net.minecraftforge.registries.GameData/REGISTRIES]: Applying holder lookups: minecraft:block_entity_type
[11Aug2026 17:40:28.450] [Render thread/DEBUG] [net.minecraftforge.registries.GameData/REGISTRIES]: Holder lookups applied: minecraft:block_entity_type
[11Aug2026 17:40:28.450] [Render thread/DEBUG] [net.minecraftforge.registries.GameData/REGISTRIES]: Applying holder lookups: minecraft:painting_variant
[11Aug2026 17:40:28.450] [Render thread/DEBUG] [net.minecraftforge.registries.GameData/REGISTRIES]: Holder lookups applied: minecraft:painting_variant
[11Aug2026 17:40:28.450] [Render thread/DEBUG] [net.minecraftforge.registries.GameData/REGISTRIES]: Applying holder lookups: minecraft:stat_type
[11Aug2026 17:40:28.450] [Render thread/DEBUG] [net.minecraftforge.registries.GameData/REGISTRIES]: Holder lookups applied: minecraft:stat_type
[11Aug2026 17:40:28.450] [Render thread/DEBUG] [net.minecraftforge.registries.GameData/REGISTRIES]: Applying holder lookups: minecraft:custom_stat
[11Aug2026 17:40:28.451] [Render thread/DEBUG] [net.minecraftforge.registries.GameData/REGISTRIES]: Holder lookups applied: minecraft:custom_stat
[11Aug2026 17:40:28.451] [Render thread/DEBUG] [net.minecraftforge.registries.GameData/REGISTRIES]: Applying holder lookups: minecraft:chunk_status
[11Aug2026 17:40:28.451] [Render thread/DEBUG] [net.minecraftforge.registries.GameData/REGISTRIES]: Holder lookups applied: minecraft:chunk_status
[11Aug2026 17:40:28.451] [Render thread/DEBUG] [net.minecraftforge.registries.GameData/REGISTRIES]: Applying holder lookups: minecraft:rule_test
[11Aug2026 17:40:28.451] [Render thread/DEBUG] [net.minecraftforge.registries.GameData/REGISTRIES]: Holder lookups applied: minecraft:rule_test
[11Aug2026 17:40:28.452] [Render thread/DEBUG] [net.minecraftforge.registries.GameData/REGISTRIES]: Applying holder lookups: minecraft:rule_block_entity_modifier
[11Aug2026 17:40:28.452] [Render thread/DEBUG] [net.minecraftforge.registries.GameData/REGISTRIES]: Holder lookups applied: minecraft:rule_block_entity_modifier
[11Aug2026 17:40:28.452] [Render thread/DEBUG] [net.minecraftforge.registries.GameData/REGISTRIES]: Applying holder lookups: minecraft:pos_rule_test
[11Aug2026 17:40:28.452] [Render thread/DEBUG] [net.minecraftforge.registries.GameData/REGISTRIES]: Holder lookups applied: minecraft:pos_rule_test
[11Aug2026 17:40:28.452] [Render thread/DEBUG] [net.minecraftforge.registries.GameData/REGISTRIES]: Applying holder lookups: minecraft:menu
[11Aug2026 17:40:28.452] [Render thread/DEBUG] [net.minecraftforge.registries.GameData/REGISTRIES]: Holder lookups applied: minecraft:menu
[11Aug2026 17:40:28.453] [Render thread/DEBUG] [net.minecraftforge.registries.GameData/REGISTRIES]: Applying holder lookups: minecraft:recipe_type
[11Aug2026 17:40:28.453] [Render thread/DEBUG] [net.minecraftforge.registries.GameData/REGISTRIES]: Holder lookups applied: minecraft:recipe_type
[11Aug2026 17:40:28.711] [Render thread/DEBUG] [net.minecraftforge.registries.GameData/REGISTRIES]: Applying holder lookups: minecraft:recipe_serializer
[11Aug2026 17:40:28.712] [Render thread/DEBUG] [net.minecraftforge.registries.GameData/REGISTRIES]: Holder lookups applied: minecraft:recipe_serializer
[11Aug2026 17:40:28.712] [Render thread/DEBUG] [net.minecraftforge.registries.GameData/REGISTRIES]: Applying holder lookups: minecraft:position_source_type
[11Aug2026 17:40:28.712] [Render thread/DEBUG] [net.minecraftforge.registries.GameData/REGISTRIES]: Holder lookups applied: minecraft:position_source_type
[11Aug2026 17:40:28.713] [Render thread/DEBUG] [net.minecraftforge.registries.GameData/REGISTRIES]: Applying holder lookups: minecraft:command_argument_type
[11Aug2026 17:40:28.713] [Render thread/DEBUG] [net.minecraftforge.registries.GameData/REGISTRIES]: Holder lookups applied: minecraft:command_argument_type
[11Aug2026 17:40:28.713] [Render thread/DEBUG] [net.minecraftforge.registries.GameData/REGISTRIES]: Applying holder lookups: minecraft:villager_type
[11Aug2026 17:40:28.713] [Render thread/DEBUG] [net.minecraftforge.registries.GameData/REGISTRIES]: Holder lookups applied: minecraft:villager_type
[11Aug2026 17:40:28.713] [Render thread/DEBUG] [net.minecraftforge.registries.GameData/REGISTRIES]: Applying holder lookups: minecraft:villager_profession
[11Aug2026 17:40:28.714] [Render thread/DEBUG] [net.minecraftforge.registries.GameData/REGISTRIES]: Holder lookups applied: minecraft:villager_profession
[11Aug2026 17:40:28.714] [Render thread/DEBUG] [net.minecraftforge.registries.GameData/REGISTRIES]: Applying holder lookups: minecraft:point_of_interest_type
[11Aug2026 17:40:28.714] [Render thread/DEBUG] [net.minecraftforge.registries.GameData/REGISTRIES]: Holder lookups applied: minecraft:point_of_interest_type
[11Aug2026 17:40:28.714] [Render thread/DEBUG] [net.minecraftforge.registries.GameData/REGISTRIES]: Applying holder lookups: minecraft:schedule
[11Aug2026 17:40:28.714] [Render thread/DEBUG] [net.minecraftforge.registries.GameData/REGISTRIES]: Holder lookups applied: minecraft:schedule
[11Aug2026 17:40:28.714] [Render thread/DEBUG] [net.minecraftforge.registries.GameData/REGISTRIES]: Applying holder lookups: minecraft:activity
[11Aug2026 17:40:28.714] [Render thread/DEBUG] [net.minecraftforge.registries.GameData/REGISTRIES]: Holder lookups applied: minecraft:activity
[11Aug2026 17:40:28.715] [Render thread/DEBUG] [net.minecraftforge.registries.GameData/REGISTRIES]: Applying holder lookups: minecraft:loot_pool_entry_type
[11Aug2026 17:40:28.715] [Render thread/DEBUG] [net.minecraftforge.registries.GameData/REGISTRIES]: Holder lookups applied: minecraft:loot_pool_entry_type
[11Aug2026 17:40:28.718] [Render thread/DEBUG] [net.minecraftforge.registries.GameData/REGISTRIES]: Applying holder lookups: minecraft:loot_function_type
[11Aug2026 17:40:28.718] [Render thread/DEBUG] [net.minecraftforge.registries.GameData/REGISTRIES]: Holder lookups applied: minecraft:loot_function_type
[11Aug2026 17:40:28.720] [Render thread/DEBUG] [net.minecraftforge.registries.GameData/REGISTRIES]: Applying holder lookups: minecraft:loot_condition_type
[11Aug2026 17:40:28.720] [Render thread/DEBUG] [net.minecraftforge.registries.GameData/REGISTRIES]: Holder lookups applied: minecraft:loot_condition_type
[11Aug2026 17:40:28.720] [Render thread/DEBUG] [net.minecraftforge.registries.GameData/REGISTRIES]: Applying holder lookups: minecraft:loot_number_provider_type
[11Aug2026 17:40:28.720] [Render thread/DEBUG] [net.minecraftforge.registries.GameData/REGISTRIES]: Holder lookups applied: minecraft:loot_number_provider_type
[11Aug2026 17:40:28.720] [Render thread/DEBUG] [net.minecraftforge.registries.GameData/REGISTRIES]: Applying holder lookups: minecraft:loot_nbt_provider_type
[11Aug2026 17:40:28.720] [Render thread/DEBUG] [net.minecraftforge.registries.GameData/REGISTRIES]: Holder lookups applied: minecraft:loot_nbt_provider_type
[11Aug2026 17:40:28.720] [Render thread/DEBUG] [net.minecraftforge.registries.GameData/REGISTRIES]: Applying holder lookups: minecraft:loot_score_provider_type
[11Aug2026 17:40:28.720] [Render thread/DEBUG] [net.minecraftforge.registries.GameData/REGISTRIES]: Holder lookups applied: minecraft:loot_score_provider_type
[11Aug2026 17:40:28.720] [Render thread/DEBUG] [net.minecraftforge.registries.GameData/REGISTRIES]: Applying holder lookups: minecraft:float_provider_type
[11Aug2026 17:40:28.721] [Render thread/DEBUG] [net.minecraftforge.registries.GameData/REGISTRIES]: Holder lookups applied: minecraft:float_provider_type
[11Aug2026 17:40:28.721] [Render thread/DEBUG] [net.minecraftforge.registries.GameData/REGISTRIES]: Applying holder lookups: minecraft:int_provider_type
[11Aug2026 17:40:28.721] [Render thread/DEBUG] [net.minecraftforge.registries.GameData/REGISTRIES]: Holder lookups applied: minecraft:int_provider_type
[11Aug2026 17:40:28.721] [Render thread/DEBUG] [net.minecraftforge.registries.GameData/REGISTRIES]: Applying holder lookups: minecraft:height_provider_type
[11Aug2026 17:40:28.721] [Render thread/DEBUG] [net.minecraftforge.registries.GameData/REGISTRIES]: Holder lookups applied: minecraft:height_provider_type
[11Aug2026 17:40:28.721] [Render thread/DEBUG] [net.minecraftforge.registries.GameData/REGISTRIES]: Applying holder lookups: minecraft:block_predicate_type
[11Aug2026 17:40:28.721] [Render thread/DEBUG] [net.minecraftforge.registries.GameData/REGISTRIES]: Holder lookups applied: minecraft:block_predicate_type
[11Aug2026 17:40:28.721] [Render thread/DEBUG] [net.minecraftforge.registries.GameData/REGISTRIES]: Applying holder lookups: minecraft:worldgen/carver
[11Aug2026 17:40:28.721] [Render thread/DEBUG] [net.minecraftforge.registries.GameData/REGISTRIES]: Holder lookups applied: minecraft:worldgen/carver
[11Aug2026 17:40:28.723] [Render thread/DEBUG] [net.minecraftforge.registries.GameData/REGISTRIES]: Applying holder lookups: minecraft:worldgen/feature
[11Aug2026 17:40:28.723] [Render thread/DEBUG] [net.minecraftforge.registries.GameData/REGISTRIES]: Holder lookups applied: minecraft:worldgen/feature
[11Aug2026 17:40:28.723] [Render thread/DEBUG] [net.minecraftforge.registries.GameData/REGISTRIES]: Applying holder lookups: minecraft:worldgen/structure_processor
[11Aug2026 17:40:28.724] [Render thread/DEBUG] [net.minecraftforge.registries.GameData/REGISTRIES]: Holder lookups applied: minecraft:worldgen/structure_processor
[11Aug2026 17:40:28.724] [Render thread/DEBUG] [net.minecraftforge.registries.GameData/REGISTRIES]: Applying holder lookups: minecraft:worldgen/structure_placement
[11Aug2026 17:40:28.724] [Render thread/DEBUG] [net.minecraftforge.registries.GameData/REGISTRIES]: Holder lookups applied: minecraft:worldgen/structure_placement
[11Aug2026 17:40:28.724] [Render thread/DEBUG] [net.minecraftforge.registries.GameData/REGISTRIES]: Applying holder lookups: minecraft:worldgen/structure_piece
[11Aug2026 17:40:28.724] [Render thread/DEBUG] [net.minecraftforge.registries.GameData/REGISTRIES]: Holder lookups applied: minecraft:worldgen/structure_piece
[11Aug2026 17:40:28.725] [Render thread/DEBUG] [net.minecraftforge.registries.GameData/REGISTRIES]: Applying holder lookups: minecraft:worldgen/structure_type
[11Aug2026 17:40:28.725] [Render thread/DEBUG] [net.minecraftforge.registries.GameData/REGISTRIES]: Holder lookups applied: minecraft:worldgen/structure_type
[11Aug2026 17:40:28.725] [Render thread/DEBUG] [net.minecraftforge.registries.GameData/REGISTRIES]: Applying holder lookups: minecraft:worldgen/placement_modifier_type
[11Aug2026 17:40:28.725] [Render thread/DEBUG] [net.minecraftforge.registries.GameData/REGISTRIES]: Holder lookups applied: minecraft:worldgen/placement_modifier_type
[11Aug2026 17:40:28.725] [Render thread/DEBUG] [net.minecraftforge.registries.GameData/REGISTRIES]: Applying holder lookups: minecraft:worldgen/block_state_provider_type
[11Aug2026 17:40:28.725] [Render thread/DEBUG] [net.minecraftforge.registries.GameData/REGISTRIES]: Holder lookups applied: minecraft:worldgen/block_state_provider_type
[11Aug2026 17:40:28.725] [Render thread/DEBUG] [net.minecraftforge.registries.GameData/REGISTRIES]: Applying holder lookups: minecraft:worldgen/foliage_placer_type
[11Aug2026 17:40:28.725] [Render thread/DEBUG] [net.minecraftforge.registries.GameData/REGISTRIES]: Holder lookups applied: minecraft:worldgen/foliage_placer_type
[11Aug2026 17:40:28.725] [Render thread/DEBUG] [net.minecraftforge.registries.GameData/REGISTRIES]: Applying holder lookups: minecraft:worldgen/trunk_placer_type
[11Aug2026 17:40:28.725] [Render thread/DEBUG] [net.minecraftforge.registries.GameData/REGISTRIES]: Holder lookups applied: minecraft:worldgen/trunk_placer_type
[11Aug2026 17:40:28.726] [Render thread/DEBUG] [net.minecraftforge.registries.GameData/REGISTRIES]: Applying holder lookups: minecraft:worldgen/root_placer_type
[11Aug2026 17:40:28.726] [Render thread/DEBUG] [net.minecraftforge.registries.GameData/REGISTRIES]: Holder lookups applied: minecraft:worldgen/root_placer_type
[11Aug2026 17:40:28.727] [Render thread/DEBUG] [net.minecraftforge.registries.GameData/REGISTRIES]: Applying holder lookups: minecraft:worldgen/tree_decorator_type
[11Aug2026 17:40:28.727] [Render thread/DEBUG] [net.minecraftforge.registries.GameData/REGISTRIES]: Holder lookups applied: minecraft:worldgen/tree_decorator_type
[11Aug2026 17:40:28.727] [Render thread/DEBUG] [net.minecraftforge.registries.GameData/REGISTRIES]: Applying holder lookups: minecraft:worldgen/feature_size_type
[11Aug2026 17:40:28.727] [Render thread/DEBUG] [net.minecraftforge.registries.GameData/REGISTRIES]: Holder lookups applied: minecraft:worldgen/feature_size_type
[11Aug2026 17:40:28.727] [Render thread/DEBUG] [net.minecraftforge.registries.GameData/REGISTRIES]: Applying holder lookups: minecraft:worldgen/biome_source
[11Aug2026 17:40:28.727] [Render thread/DEBUG] [net.minecraftforge.registries.GameData/REGISTRIES]: Holder lookups applied: minecraft:worldgen/biome_source
[11Aug2026 17:40:28.728] [Render thread/DEBUG] [net.minecraftforge.registries.GameData/REGISTRIES]: Applying holder lookups: minecraft:worldgen/chunk_generator
[11Aug2026 17:40:28.728] [Render thread/DEBUG] [net.minecraftforge.registries.GameData/REGISTRIES]: Holder lookups applied: minecraft:worldgen/chunk_generator
[11Aug2026 17:40:28.728] [Render thread/DEBUG] [net.minecraftforge.registries.GameData/REGISTRIES]: Applying holder lookups: minecraft:worldgen/material_condition
[11Aug2026 17:40:28.728] [Render thread/DEBUG] [net.minecraftforge.registries.GameData/REGISTRIES]: Holder lookups applied: minecraft:worldgen/material_condition
[11Aug2026 17:40:28.728] [Render thread/DEBUG] [net.minecraftforge.registries.GameData/REGISTRIES]: Applying holder lookups: minecraft:worldgen/material_rule
[11Aug2026 17:40:28.728] [Render thread/DEBUG] [net.minecraftforge.registries.GameData/REGISTRIES]: Holder lookups applied: minecraft:worldgen/material_rule
[11Aug2026 17:40:28.728] [Render thread/DEBUG] [net.minecraftforge.registries.GameData/REGISTRIES]: Applying holder lookups: minecraft:worldgen/density_function_type
[11Aug2026 17:40:28.728] [Render thread/DEBUG] [net.minecraftforge.registries.GameData/REGISTRIES]: Holder lookups applied: minecraft:worldgen/density_function_type
[11Aug2026 17:40:28.728] [Render thread/DEBUG] [net.minecraftforge.registries.GameData/REGISTRIES]: Applying holder lookups: minecraft:worldgen/structure_pool_element
[11Aug2026 17:40:28.728] [Render thread/DEBUG] [net.minecraftforge.registries.GameData/REGISTRIES]: Holder lookups applied: minecraft:worldgen/structure_pool_element
[11Aug2026 17:40:28.728] [Render thread/DEBUG] [net.minecraftforge.registries.GameData/REGISTRIES]: Applying holder lookups: minecraft:cat_variant
[11Aug2026 17:40:28.728] [Render thread/DEBUG] [net.minecraftforge.registries.GameData/REGISTRIES]: Holder lookups applied: minecraft:cat_variant
[11Aug2026 17:40:28.728] [Render thread/DEBUG] [net.minecraftforge.registries.GameData/REGISTRIES]: Applying holder lookups: minecraft:frog_variant
[11Aug2026 17:40:28.729] [Render thread/DEBUG] [net.minecraftforge.registries.GameData/REGISTRIES]: Holder lookups applied: minecraft:frog_variant
[11Aug2026 17:40:28.729] [Render thread/DEBUG] [net.minecraftforge.registries.GameData/REGISTRIES]: Applying holder lookups: minecraft:banner_pattern
[11Aug2026 17:40:28.729] [Render thread/DEBUG] [net.minecraftforge.registries.GameData/REGISTRIES]: Holder lookups applied: minecraft:banner_pattern
[11Aug2026 17:40:28.729] [Render thread/DEBUG] [net.minecraftforge.registries.GameData/REGISTRIES]: Applying holder lookups: minecraft:instrument
[11Aug2026 17:40:28.729] [Render thread/DEBUG] [net.minecraftforge.registries.GameData/REGISTRIES]: Holder lookups applied: minecraft:instrument
[11Aug2026 17:40:28.729] [Render thread/DEBUG] [net.minecraftforge.registries.GameData/REGISTRIES]: Applying holder lookups: minecraft:decorated_pot_patterns
[11Aug2026 17:40:28.729] [Render thread/DEBUG] [net.minecraftforge.registries.GameData/REGISTRIES]: Holder lookups applied: minecraft:decorated_pot_patterns
[11Aug2026 17:40:28.730] [Render thread/DEBUG] [net.minecraftforge.registries.GameData/REGISTRIES]: Applying holder lookups: minecraft:creative_mode_tab
[11Aug2026 17:40:28.730] [Render thread/DEBUG] [net.minecraftforge.registries.GameData/REGISTRIES]: Holder lookups applied: minecraft:creative_mode_tab
[11Aug2026 17:40:28.733] [Render thread/DEBUG] [net.minecraftforge.registries.GameData/REGISTRIES]: Applying holder lookups: forge:biome_modifier_serializers
[11Aug2026 17:40:28.734] [Render thread/DEBUG] [net.minecraftforge.registries.GameData/REGISTRIES]: Holder lookups applied: forge:biome_modifier_serializers
[11Aug2026 17:40:28.734] [Render thread/DEBUG] [net.minecraftforge.registries.GameData/REGISTRIES]: Applying holder lookups: forge:display_contexts
[11Aug2026 17:40:28.735] [Render thread/DEBUG] [net.minecraftforge.registries.GameData/REGISTRIES]: Holder lookups applied: forge:display_contexts
[11Aug2026 17:40:28.735] [Render thread/DEBUG] [net.minecraftforge.registries.GameData/REGISTRIES]: Applying holder lookups: forge:entity_data_serializers
[11Aug2026 17:40:28.735] [Render thread/DEBUG] [net.minecraftforge.registries.GameData/REGISTRIES]: Holder lookups applied: forge:entity_data_serializers
[11Aug2026 17:40:28.738] [Render thread/DEBUG] [net.minecraftforge.registries.GameData/REGISTRIES]: Applying holder lookups: forge:fluid_type
[11Aug2026 17:40:28.738] [Render thread/DEBUG] [net.minecraftforge.registries.GameData/REGISTRIES]: Holder lookups applied: forge:fluid_type
[11Aug2026 17:40:28.741] [Render thread/DEBUG] [net.minecraftforge.registries.GameData/REGISTRIES]: Applying holder lookups: forge:global_loot_modifier_serializers
[11Aug2026 17:40:28.741] [Render thread/DEBUG] [net.minecraftforge.registries.GameData/REGISTRIES]: Holder lookups applied: forge:global_loot_modifier_serializers
[11Aug2026 17:40:28.743] [Render thread/DEBUG] [net.minecraftforge.registries.GameData/REGISTRIES]: Applying holder lookups: forge:holder_set_type
[11Aug2026 17:40:28.743] [Render thread/DEBUG] [net.minecraftforge.registries.GameData/REGISTRIES]: Holder lookups applied: forge:holder_set_type
[11Aug2026 17:40:28.743] [Render thread/DEBUG] [net.minecraftforge.registries.GameData/REGISTRIES]: Applying holder lookups: forge:structure_modifier_serializers
[11Aug2026 17:40:28.744] [Render thread/DEBUG] [net.minecraftforge.registries.GameData/REGISTRIES]: Holder lookups applied: forge:structure_modifier_serializers
[11Aug2026 17:40:28.744] [Render thread/DEBUG] [net.minecraftforge.registries.GameData/REGISTRIES]: Applying holder lookups: minecraft:worldgen/biome
[11Aug2026 17:40:28.744] [Render thread/DEBUG] [net.minecraftforge.registries.GameData/REGISTRIES]: Holder lookups applied: minecraft:worldgen/biome
[11Aug2026 17:40:28.784] [Render thread/DEBUG] [net.minecraftforge.client.loading.ClientModLoader/CORE]: Generating PackInfo named mod:tconstruct for mod file /home/dev/.gradle/caches/forge_gradle/deobf_dependencies/curse/maven/tinkers-construct-74072/7449219_mapped_official_1.20.1/tinkers-construct-74072-7449219_mapped_official_1.20.1.jar
[11Aug2026 17:40:28.784] [Render thread/DEBUG] [net.minecraftforge.client.loading.ClientModLoader/CORE]: Generating PackInfo named mod:kotlinforforge for mod file 
[11Aug2026 17:40:28.784] [Render thread/DEBUG] [net.minecraftforge.client.loading.ClientModLoader/CORE]: Generating PackInfo named mod:forge for mod file /
[11Aug2026 17:40:28.784] [Render thread/DEBUG] [net.minecraftforge.client.loading.ClientModLoader/CORE]: Generating PackInfo named mod:mantle for mod file /home/dev/.gradle/caches/forge_gradle/deobf_dependencies/curse/maven/mantle-74924/7563777_mapped_official_1.20.1/mantle-74924-7563777_mapped_official_1.20.1.jar
[11Aug2026 17:40:28.785] [Render thread/DEBUG] [net.minecraftforge.client.loading.ClientModLoader/CORE]: Generating PackInfo named mod:tconaffixes for mod file /home/dev/better-content/generated/custom-mod-sources/tcon-affixes/build/resources/main
[11Aug2026 17:40:28.997] [Render thread/INFO] [net.minecraftforge.gametest.ForgeGameTestHooks/]: Enabled Gametest Namespaces: [tconaffixes]
[11Aug2026 17:40:29.129] [Render thread/ERROR] [com.mojang.text2speech.Narrator/]: Error while loading the narrator
com.mojang.text2speech.Narrator$InitializeException: Failed to load library flite
	at com.mojang.text2speech.NarratorLinux$FliteLibrary.loadNative(NarratorLinux.java:69) ~[text2speech-1.17.9.jar:?]
	at com.mojang.text2speech.NarratorLinux.<init>(NarratorLinux.java:18) ~[text2speech-1.17.9.jar:?]
	at com.mojang.text2speech.Narrator.getNarrator(Narrator.java:41) ~[text2speech-1.17.9.jar:?]
	at net.minecraft.client.GameNarrator.<init>(GameNarrator.java:19) ~[forge-1.20.1-47.4.13_mapped_official_1.20.1.jar:?]
	at net.minecraft.client.Minecraft.<init>(Minecraft.java:553) ~[forge-1.20.1-47.4.13_mapped_official_1.20.1.jar:?]
	at net.minecraft.client.main.Main.main(Main.java:182) ~[forge-1.20.1-47.4.13_mapped_official_1.20.1.jar:?]
	at jdk.internal.reflect.NativeMethodAccessorImpl.invoke0(Native Method) ~[?:?]
	at jdk.internal.reflect.NativeMethodAccessorImpl.invoke(NativeMethodAccessorImpl.java:77) ~[?:?]
	at jdk.internal.reflect.DelegatingMethodAccessorImpl.invoke(DelegatingMethodAccessorImpl.java:43) ~[?:?]
	at java.lang.reflect.Method.invoke(Method.java:569) ~[?:?]
	at net.minecraftforge.fml.loading.targets.CommonLaunchHandler.runTarget(CommonLaunchHandler.java:111) ~[fmlloader-1.20.1-47.4.13.jar:?]
	at net.minecraftforge.fml.loading.targets.CommonLaunchHandler.clientService(CommonLaunchHandler.java:99) ~[fmlloader-1.20.1-47.4.13.jar:?]
	at net.minecraftforge.fml.loading.targets.ForgeClientUserdevLaunchHandler.devService(ForgeClientUserdevLaunchHandler.java:19) ~[fmlloader-1.20.1-47.4.13.jar:?]
	at net.minecraftforge.fml.loading.targets.CommonDevLaunchHandler.lambda$makeService$7(CommonDevLaunchHandler.java:135) ~[fmlloader-1.20.1-47.4.13.jar:?]
	at cpw.mods.modlauncher.LaunchServiceHandlerDecorator.launch(LaunchServiceHandlerDecorator.java:30) ~[modlauncher-10.0.9.jar:?]
	at cpw.mods.modlauncher.LaunchServiceHandler.launch(LaunchServiceHandler.java:53) ~[modlauncher-10.0.9.jar:?]
	at cpw.mods.modlauncher.LaunchServiceHandler.launch(LaunchServiceHandler.java:71) ~[modlauncher-10.0.9.jar:?]
	at cpw.mods.modlauncher.Launcher.run(Launcher.java:108) ~[modlauncher-10.0.9.jar:?]
	at cpw.mods.modlauncher.Launcher.main(Launcher.java:78) ~[modlauncher-10.0.9.jar:?]
	at cpw.mods.modlauncher.BootstrapLaunchConsumer.accept(BootstrapLaunchConsumer.java:26) ~[modlauncher-10.0.9.jar:?]
	at cpw.mods.modlauncher.BootstrapLaunchConsumer.accept(BootstrapLaunchConsumer.java:23) ~[modlauncher-10.0.9.jar:?]
	at cpw.mods.bootstraplauncher.BootstrapLauncher.main(BootstrapLauncher.java:141) ~[bootstraplauncher-1.1.2.jar:?]
Caused by: java.lang.UnsatisfiedLinkError: Unable to load library 'flite':
libflite.so: cannot open shared object file: No such file or directory
libflite.so: cannot open shared object file: No such file or directory
Native library (linux-x86-64/libflite.so) not found in resource path (/home/dev/better-content/generated/custom-mod-sources/tcon-affixes/build/classes/java/main:/home/dev/better-content/generated/custom-mod-sources/tcon-affixes/build/classes/kotlin/main:/home/dev/better-content/generated/custom-mod-sources/tcon-affixes/build/resources/main:/home/dev/.gradle/caches/modules-2/files-2.1/org.jetbrains.kotlinx/kotlinx-coroutines-core-jvm/1.7.3/2b09627576f0989a436a00a4a54b55fa5026fb86/kotlinx-coroutines-core-jvm-1.7.3.jar:/home/dev/.gradle/caches/modules-2/files-2.1/org.jetbrains.kotlinx/kotlinx-coroutines-jdk8/1.7.3/263611b87f7546402852e43a8dc7ef3223ada42a/kotlinx-coroutines-jdk8-1.7.3.jar:/home/dev/.gradle/caches/modules-2/files-2.1/org.jetbrains.kotlin/kotlin-stdlib-jdk7/1.9.24/46b6e1099acabc71feca1c0013deee78e6793d07/kotlin-stdlib-jdk7-1.9.24.jar:/home/dev/.gradle/caches/modules-2/files-2.1/org.jetbrains.kotlin/kotlin-stdlib/1.9.24/9928532f12c66ad816a625b3f9984f8368ca6d2b/kotlin-stdlib-1.9.24.jar:/home/dev/.gradle/caches/modules-2/files-2.1/org.jetbrains.kotlin/kotlin-stdlib-jdk8/1.9.24/a2f6d82081a54b52ceb120c5a18f87402ccab0c/kotlin-stdlib-jdk8-1.9.24.jar:/home/dev/.gradle/caches/forge_gradle/deobf_dependencies/curse/maven/kotlin-for-forge-351264/4578885_mapped_official_1.20.1/kotlin-for-forge-351264-4578885_mapped_official_1.20.1.jar:/home/dev/.gradle/caches/forge_gradle/minecraft_user_repo/net/minecraftforge/forge/1.20.1-47.4.13_mapped_official_1.20.1/forge-1.20.1-47.4.13_mapped_official_1.20.1.jar:/home/dev/.gradle/caches/forge_gradle/deobf_dependencies/curse/maven/mantle-74924/7563777_mapped_official_1.20.1/mantle-74924-7563777_mapped_official_1.20.1.jar:/home/dev/.gradle/caches/forge_gradle/deobf_dependencies/curse/maven/tinkers-construct-74072/7449219_mapped_official_1.20.1/tinkers-construct-74072-7449219_mapped_official_1.20.1.jar:/home/dev/.gradle/caches/forge_gradle/minecraft_repo/versions/1.20.1/client-extra.jar:/home/dev/.gradle/caches/modules-2/files-2.1/net.minecraftforge/fmlearlydisplay/1.20.1-47.4.13/ba7b07fcea003721c5cdbaa0f2d10d43db11daab/fmlearlydisplay-1.20.1-47.4.13.jar:/home/dev/.gradle/caches/modules-2/files-2.1/net.minecraftforge/javafmllanguage/1.20.1-47.4.13/cf01e2179f72bd2829c65f5226d7dd0cfb6c686/javafmllanguage-1.20.1-47.4.13.jar:/home/dev/.gradle/caches/modules-2/files-2.1/net.minecraftforge/lowcodelanguage/1.20.1-47.4.13/e3f96129ea14eba84316f2d69816253e228e6e4c/lowcodelanguage-1.20.1-47.4.13.jar:/home/dev/.gradle/caches/modules-2/files-2.1/net.minecraftforge/mclanguage/1.20.1-47.4.13/85796906112d9b621a7b2996f8bfda49da991ef0/mclanguage-1.20.1-47.4.13.jar:/home/dev/.gradle/caches/modules-2/files-2.1/net.minecraftforge/fmlcore/1.20.1-47.4.13/f77e3021d1eb31d61f8d1b92d18ed4fb3c2806e5/fmlcore-1.20.1-47.4.13.jar:/home/dev/.gradle/caches/modules-2/files-2.1/net.minecraftforge/fmlloader/1.20.1-47.4.13/b27b57b2f641bfe6ecdaf206ee54880d26bb9c10/fmlloader-1.20.1-47.4.13.jar:/home/dev/.gradle/caches/modules-2/files-2.1/net.minecraftforge/JarJarSelector/0.3.19/376cc9c8ea60720cf027c01fc033de915699801c/JarJarSelector-0.3.19.jar:/home/dev/.gradle/caches/modules-2/files-2.1/net.minecraftforge/JarJarMetadata/0.3.19/83feaa9b770e6ac0e96ee4fc23fa89325c5fe2/JarJarMetadata-0.3.19.jar:/home/dev/.gradle/caches/modules-2/files-2.1/com.google.guava/guava/31.1-jre/60458f877d055d0c9114d9e1a2efb737b4bc282c/guava-31.1-jre.jar:/home/dev/.gradle/caches/modules-2/files-2.1/com.google.code.findbugs/jsr305/3.0.2/25ea2e8b0c338a877313bd4672d3fe056ea78f0d/jsr305-3.0.2.jar:/home/dev/.gradle/caches/modules-2/files-2.1/ca.weblite/java-objc-bridge/1.1/1227f9e0666314f9de41477e3ec277e542ed7f7b/java-objc-bridge-1.1.jar:/home/dev/.gradle/caches/modules-2/files-2.1/net.minecraftforge/forgespi/7.0.1/3b4972a0cdb135853dba219be61a79b22cff1309/forgespi-7.0.1.jar:/home/dev/.gradle/caches/modules-2/files-2.1/net.minecraftforge/mergetool/1.1.5/f3da18e12c696d35a47c82cbb2cc8b5aa15e1154/mergetool-1.1.5-api.jar:/home/dev/.gradle/caches/modules-2/files-2.1/org.jetbrains/annotations/24.0.1/13c5c75c4206580aa4d683bffee658caae6c9f43/annotations-24.0.1.jar:/home/dev/.gradle/caches/forge_gradle/mcp_repo/net/minecraft/mapping/1.20.1/mapping-1.20.1-mapping.zip:/home/dev/.gradle/caches/modules-2/files-2.1/net.minecraftforge/accesstransformers/8.0.4/272d240aa73f42195b2a68e2ebd8b701ecf41f63/accesstransformers-8.0.4.jar:/home/dev/.gradle/caches/modules-2/files-2.1/net.minecraftforge/eventbus/6.0.5/699143dd438431d06b57416944f7cedbe52e1475/eventbus-6.0.5.jar:/home/dev/.gradle/caches/modules-2/files-2.1/cpw.mods/modlauncher/10.0.9/6d9443f56f50bb85cea383686ff9c867391458b/modlauncher-10.0.9.jar:/home/dev/.gradle/caches/modules-2/files-2.1/cpw.mods/bootstraplauncher/1.1.2/c546e00443d8432cda6baa1c860346980742628/bootstraplauncher-1.1.2.jar:/home/dev/.gradle/caches/modules-2/files-2.1/cpw.mods/securejarhandler/2.1.10/51e6a22c6c716beb11e244bf5b8be480f51dd6b5/securejarhandler-2.1.10.jar:/home/dev/.gradle/caches/modules-2/files-2.1/net.minecraftforge/coremods/5.2.4/e30bab269d896613e38396274711410b3a0e4b87/coremods-5.2.4.jar:/home/dev/.gradle/caches/modules-2/files-2.1/org.openjdk.nashorn/nashorn-core/15.4/f67f5ffaa5f5130cf6fb9b133da00c7df3b532a5/nashorn-core-15.4.jar:/home/dev/.gradle/caches/modules-2/files-2.1/org.ow2.asm/asm-commons/9.8/36e4d212970388e5bd2c5180292012502df461bb/asm-commons-9.8.jar:/home/dev/.gradle/caches/modules-2/files-2.1/org.ow2.asm/asm-util/9.8/395f1c1f035258511f27bc9b2583d76e4b143f59/asm-util-9.8.jar:/home/dev/.gradle/caches/modules-2/files-2.1/org.ow2.asm/asm-analysis/9.8/b9747a320844b6cb1eacd90d8ecfd260a16c01d3/asm-analysis-9.8.jar:/home/dev/.gradle/caches/modules-2/files-2.1/org.ow2.asm/asm-tree/9.8/18419ca5b77a2f81097c741e7872e6ab8d2f40d/asm-tree-9.8.jar:/home/dev/.gradle/caches/modules-2/files-2.1/org.ow2.asm/asm/9.8/dc19ecb3f7889b7860697215cae99c0f9b6f6b4b/asm-9.8.jar:/home/dev/.gradle/caches/modules-2/files-2.1/org.antlr/antlr4/4.9.1/e92af8ab33e428461927b484e90bb155a4f3a052/antlr4-4.9.1.jar:/home/dev/.gradle/caches/modules-2/files-2.1/org.antlr/antlr4-runtime/4.9.1/428664f05d2b7f7b7610204b5aa7c1763f62011a/antlr4-runtime-4.9.1.jar:/home/dev/.gradle/caches/modules-2/files-2.1/net.minecraftforge/unsafe/0.2.0/54d7a0a5e8fdb71b973025caa46f341ae5904f39/unsafe-0.2.0.jar:/home/dev/.gradle/caches/modules-2/files-2.1/com.electronwill.night-config/toml/3.6.4/51d6cefb2b55ee55ee26b16391212fb2c7dfb4f4/toml-3.6.4.jar:/home/dev/.gradle/caches/modules-2/files-2.1/com.electronwill.night-config/core/3.6.4/510f174abbf1c947494db50ef2445683bd52c230/core-3.6.4.jar:/home/dev/.gradle/caches/modules-2/files-2.1/org.apache.maven/maven-artifact/3.8.5/4433f50c07debefaed0553bd0068f4f48d449313/maven-artifact-3.8.5.jar:/home/dev/.gradle/caches/modules-2/files-2.1/net.jodah/typetools/0.6.3/a01aaa6ddaea9ec07ec4f209487b7a46a526283a/typetools-0.6.3.jar:/home/dev/.gradle/caches/modules-2/files-2.1/net.minecrell/terminalconsoleappender/1.2.0/96d02cd3b384ff015a8fef4223bcb4ccf1717c95/terminalconsoleappender-1.2.0.jar:/home/dev/.gradle/caches/modules-2/files-2.1/org.jline/jline-reader/3.12.1/4382ab1382c7b6f379377ed5f665dc2f6e1218bc/jline-reader-3.12.1.jar:/home/dev/.gradle/caches/modules-2/files-2.1/org.jline/jline-terminal/3.12.1/c777448314e050d980a6b697c140f3bfe9eb7416/jline-terminal-3.12.1.jar:/home/dev/.gradle/caches/modules-2/files-2.1/org.spongepowered/mixin/0.8.5/9d1c0c3a304ae6697ecd477218fa61b850bf57fc/mixin-0.8.5.jar:/home/dev/.gradle/caches/modules-2/files-2.1/net.minecraftforge/JarJarFileSystems/0.3.19/2464eb7d6b9ddb9db36a82cf8a95193e5c6fe020/JarJarFileSystems-0.3.19.jar:/home/dev/.gradle/caches/modules-2/files-2.1/com.github.oshi/oshi-core/6.2.2/54f5efc19bca95d709d9a37d19ffcbba3d21c1a6/oshi-core-6.2.2.jar:/home/dev/.gradle/caches/modules-2/files-2.1/com.google.code.gson/gson/2.10/dd9b193aef96e973d5a11ab13cd17430c2e4306b/gson-2.10.jar:/home/dev/.gradle/caches/modules-2/files-2.1/com.google.guava/failureaccess/1.0.1/1dcf1de382a0bf95a3d8b0849546c88bac1292c9/failureaccess-1.0.1.jar:/home/dev/.gradle/caches/modules-2/files-2.1/com.ibm.icu/icu4j/71.1/9e7d3304c23f9ba5cb71915f7cce23231a57a445/icu4j-71.1.jar:/home/dev/.gradle/caches/modules-2/files-2.1/com.mojang/authlib/4.0.43/2ff9d747a77570a07a60d32ac77eb6162ad2a2d9/authlib-4.0.43.jar:/home/dev/.gradle/caches/modules-2/files-2.1/com.mojang/blocklist/1.0.10/5c685c5ffa94c4cd39496c7184c1d122e515ecef/blocklist-1.0.10.jar:/home/dev/.gradle/caches/modules-2/files-2.1/com.mojang/brigadier/1.1.8/5244ce82c3337bba4a196a3ce858bfaecc74404a/brigadier-1.1.8.jar:/home/dev/.gradle/caches/modules-2/files-2.1/com.mojang/datafixerupper/6.0.8/3ba4a30557a9b057760af4011f909ba619fc5125/datafixerupper-6.0.8.jar:/home/dev/.gradle/caches/modules-2/files-2.1/com.mojang/logging/1.1.1/832b8e6674a9b325a5175a3a6267dfaf34c85139/logging-1.1.1.jar:/home/dev/.gradle/caches/modules-2/files-2.1/com.mojang/patchy/2.2.10/da05971b07cbb379d002cf7eaec6a2048211fefc/patchy-2.2.10.jar:/home/dev/.gradle/caches/modules-2/files-2.1/com.mojang/text2speech/1.17.9/3cad216e3a7f0c19b4b394388bc9ffc446f13b14/text2speech-1.17.9.jar:/home/dev/.gradle/caches/modules-2/files-2.1/org.apache.httpcomponents/httpclient/4.5.13/e5f6cae5ca7ecaac1ec2827a9e2d65ae2869cada/httpclient-4.5.13.jar:/home/dev/.gradle/caches/modules-2/files-2.1/commons-codec/commons-codec/1.15/49d94806b6e3dc933dacbd8acb0fdbab8ebd1e5d/commons-codec-1.15.jar:/home/dev/.gradle/caches/modules-2/files-2.1/commons-io/commons-io/2.11.0/a2503f302b11ebde7ebc3df41daebe0e4eea3689/commons-io-2.11.0.jar:/home/dev/.gradle/caches/modules-2/files-2.1/commons-logging/commons-logging/1.2/4bfc12adfe4842bf07b657f0369c4cb522955686/commons-logging-1.2.jar:/home/dev/.gradle/caches/modules-2/files-2.1/io.netty/netty-handler/4.1.82.Final/644041d1fa96a5d3130a29e8978630d716d76e38/netty-handler-4.1.82.Final.jar:/home/dev/.gradle/caches/modules-2/files-2.1/io.netty/netty-codec/4.1.82.Final/b77200379acb345a9ffdece1c605e591ac3e4e0a/netty-codec-4.1.82.Final.jar:/home/dev/.gradle/caches/modules-2/files-2.1/io.netty/netty-transport-native-epoll/4.1.82.Final/476409d6255001ca53a55f65b01c13822f8dc93a/netty-transport-native-epoll-4.1.82.Final-linux-aarch_64.jar:/home/dev/.gradle/caches/modules-2/files-2.1/io.netty/netty-transport-native-epoll/4.1.82.Final/c7350a71920f3ae9142945e25fed4846cce53374/netty-transport-native-epoll-4.1.82.Final-linux-x86_64.jar:/home/dev/.gradle/caches/modules-2/files-2.1/io.netty/netty-transport-classes-epoll/4.1.82.Final/e7c7dd18deac93105797f30057c912651ea76521/netty-transport-classes-epoll-4.1.82.Final.jar:/home/dev/.gradle/caches/modules-2/files-2.1/io.netty/netty-transport-native-unix-common/4.1.82.Final/3e895b35ca1b8a0eca56cacff4c2dde5d2c6abce/netty-transport-native-unix-common-4.1.82.Final.jar:/home/dev/.gradle/caches/modules-2/files-2.1/io.netty/netty-transport/4.1.82.Final/e431a218d91acb6476ccad5f5aafde50aa3945ca/netty-transport-4.1.82.Final.jar:/home/dev/.gradle/caches/modules-2/files-2.1/io.netty/netty-buffer/4.1.82.Final/a544270cf1ae8b8077082f5036436a9a9971ea71/netty-buffer-4.1.82.Final.jar:/home/dev/.gradle/caches/modules-2/files-2.1/io.netty/netty-resolver/4.1.82.Final/38f665ae8dcd29032eea31245ba7806bed2e0fa8/netty-resolver-4.1.82.Final.jar:/home/dev/.gradle/caches/modules-2/files-2.1/io.netty/netty-common/4.1.82.Final/22d148e85c3f5ebdacc0ce1f5aabb1d420f73f3/netty-common-4.1.82.Final.jar:/home/dev/.gradle/caches/modules-2/files-2.1/it.unimi.dsi/fastutil/8.5.9/bb7ea75ecdb216654237830b3a96d87ad91f8cc5/fastutil-8.5.9.jar:/home/dev/.gradle/caches/modules-2/files-2.1/net.java.dev.jna/jna-platform/5.12.1/97406a297c852f4a41e688a176ec675f72e8329/jna-platform-5.12.1.jar:/home/dev/.gradle/caches/modules-2/files-2.1/net.java.dev.jna/jna/5.12.1/b1e93a735caea94f503e95e6fe79bf9cdc1e985d/jna-5.12.1.jar:/home/dev/.gradle/caches/modules-2/files-2.1/net.sf.jopt-simple/jopt-simple/5.0.4/4fdac2fbe92dfad86aa6e9301736f6b4342a3f5c/jopt-simple-5.0.4.jar:/home/dev/.gradle/caches/modules-2/files-2.1/org.apache.commons/commons-compress/1.21/4ec95b60d4e86b5c95a0e919cb172a0af98011ef/commons-compress-1.21.jar:/home/dev/.gradle/caches/modules-2/files-2.1/org.apache.commons/commons-lang3/3.12.0/c6842c86792ff03b9f1d1fe2aab8dc23aa6c6f0e/commons-lang3-3.12.0.jar:/home/dev/.gradle/caches/modules-2/files-2.1/org.apache.httpcomponents/httpcore/4.4.15/7f2e0c573eaa7a74bac2e89b359e1f73d92a0a1d/httpcore-4.4.15.jar:/home/dev/.gradle/caches/modules-2/files-2.1/org.apache.logging.log4j/log4j-core/2.19.0/3b6eeb4de4c49c0fe38a4ee27188ff5fee44d0bb/log4j-core-2.19.0.jar:/home/dev/.gradle/caches/modules-2/files-2.1/org.apache.logging.log4j/log4j-slf4j2-impl/2.19.0/5c04bfdd63ce9dceb2e284b81e96b6a70010ee10/log4j-slf4j2-impl-2.19.0.jar:/home/dev/.gradle/caches/modules-2/files-2.1/org.apache.logging.log4j/log4j-api/2.19.0/ea1b37f38c327596b216542bc636cfdc0b8036fa/log4j-api-2.19.0.jar:/home/dev/.gradle/caches/modules-2/files-2.1/org.joml/joml/1.10.5/22566d58af70ad3d72308bab63b8339906deb649/joml-1.10.5.jar:/home/dev/.gradle/caches/modules-2/files-2.1/org.lwjgl/lwjgl-glfw/3.3.1/cbac1b8d30cb4795149c1ef540f912671a8616d0/lwjgl-glfw-3.3.1.jar:/home/dev/.gradle/caches/modules-2/files-2.1/org.lwjgl/lwjgl-glfw/3.3.1/81716978214ecbda15050ca394b06ef61501a49e/lwjgl-glfw-3.3.1-natives-linux.jar:/home/dev/.gradle/caches/modules-2/files-2.1/org.lwjgl/lwjgl-jemalloc/3.3.1/a817bcf213db49f710603677457567c37d53e103/lwjgl-jemalloc-3.3.1.jar:/home/dev/.gradle/caches/modules-2/files-2.1/org.lwjgl/lwjgl-jemalloc/3.3.1/33dbb017b6ed6b25f993ad9d56741a49e7937718/lwjgl-jemalloc-3.3.1-natives-linux.jar:/home/dev/.gradle/caches/modules-2/files-2.1/org.lwjgl/lwjgl-openal/3.3.1/2623a6b8ae1dfcd880738656a9f0243d2e6840bd/lwjgl-openal-3.3.1.jar:/home/dev/.gradle/caches/modules-2/files-2.1/org.lwjgl/lwjgl-openal/3.3.1/f906b6439f6daa66001182ea7727e3467a93681b/lwjgl-openal-3.3.1-natives-linux.jar:/home/dev/.gradle/caches/modules-2/files-2.1/org.lwjgl/lwjgl-opengl/3.3.1/831a5533a21a5f4f81bbc51bb13e9899319b5411/lwjgl-opengl-3.3.1.jar:/home/dev/.gradle/caches/modules-2/files-2.1/org.lwjgl/lwjgl-opengl/3.3.1/ab9ab6fde3743e3550fa5d46d785ecb45b047d99/lwjgl-opengl-3.3.1-natives-linux.jar:/home/dev/.gradle/caches/modules-2/files-2.1/org.lwjgl/lwjgl-stb/3.3.1/b119297cf8ed01f247abe8685857f8e7fcf5980f/lwjgl-stb-3.3.1.jar:/home/dev/.gradle/caches/modules-2/files-2.1/org.lwjgl/lwjgl-stb/3.3.1/3ee7aec8686e52867677110415566a5342a80230/lwjgl-stb-3.3.1-natives-linux.jar:/home/dev/.gradle/caches/modules-2/files-2.1/org.lwjgl/lwjgl-tinyfd/3.3.1/ff1914111ef2e3e0110ef2dabc8d8cdaad82347/lwjgl-tinyfd-3.3.1.jar:/home/dev/.gradle/caches/modules-2/files-2.1/org.lwjgl/lwjgl-tinyfd/3.3.1/a35110b9471bea8cde826ab297550ee8c22f5035/lwjgl-tinyfd-3.3.1-natives-linux.jar:/home/dev/.gradle/caches/modules-2/files-2.1/org.lwjgl/lwjgl/3.3.1/ae58664f88e18a9bb2c77b063833ca7aaec484cb/lwjgl-3.3.1.jar:/home/dev/.gradle/caches/modules-2/files-2.1/org.lwjgl/lwjgl/3.3.1/1de885aba434f934201b99f2f1afb142036ac189/lwjgl-3.3.1-natives-linux.jar:/home/dev/.gradle/caches/modules-2/files-2.1/com.machinezoo.noexception/noexception/1.7.1/b65330c98e38a1f915fa54a6e5eca496505e3f0a/noexception-1.7.1.jar:/home/dev/.gradle/caches/modules-2/files-2.1/org.slf4j/slf4j-simple/1.7.30/e606eac955f55ecf1d8edcccba04eb8ac98088dd/slf4j-simple-1.7.30.jar:/home/dev/.gradle/caches/modules-2/files-2.1/org.slf4j/slf4j-api/2.0.1/f48d81adce2abf5ad3cfe463df517952749e03bc/slf4j-api-2.0.1.jar:/home/dev/.gradle/caches/modules-2/files-2.1/net.minecraftforge/srgutils/0.4.11/fbad1341ffdb47d276bbdc40ecb06da49e053e74/srgutils-0.4.11.jar:/home/dev/.gradle/caches/modules-2/files-2.1/org.codehaus.plexus/plexus-utils/3.3.0/cf43b5391de623b36fe066a21127baef82c64022/plexus-utils-3.3.0.jar:/home/dev/.gradle/caches/modules-2/files-2.1/com.google.guava/listenablefuture/9999.0-empty-to-avoid-conflict-with-guava/b421526c5f297295adef1c886e5246c39d4ac629/listenablefuture-9999.0-empty-to-avoid-conflict-with-guava.jar:/home/dev/.gradle/caches/modules-2/files-2.1/org.checkerframework/checker-qual/3.12.0/d5692f0526415fcc6de94bb5bfbd3afd9dd3b3e5/checker-qual-3.12.0.jar:/home/dev/.gradle/caches/modules-2/files-2.1/com.google.errorprone/error_prone_annotations/2.11.0/c5a0ace696d3f8b1c1d8cc036d8c03cc0cbe6b69/error_prone_annotations-2.11.0.jar:/home/dev/.gradle/caches/modules-2/files-2.1/com.google.j2objc/j2objc-annotations/1.3/ba035118bc8bac37d7eff77700720999acd9986d/j2objc-annotations-1.3.jar:/home/dev/.gradle/caches/modules-2/files-2.1/org.antlr/ST4/4.3/92f2c1ad8d84abcbeead6cf7f2c53a04166293c2/ST4-4.3.jar:/home/dev/.gradle/caches/modules-2/files-2.1/org.antlr/antlr-runtime/3.5.2/cd9cd41361c155f3af0f653009dcecb08d8b4afd/antlr-runtime-3.5.2.jar:/home/dev/.gradle/caches/modules-2/files-2.1/org.abego.treelayout/org.abego.treelayout.core/1.0.3/457216e8e6578099ae63667bb1e4439235892028/org.abego.treelayout.core-1.0.3.jar:/home/dev/.gradle/caches/modules-2/files-2.1/org.glassfish/javax.json/1.0.4/3178f73569fd7a1e5ffc464e680f7a8cc784b85a/javax.json-1.0.4.jar)
	at com.sun.jna.NativeLibrary.loadLibrary(NativeLibrary.java:307) ~[jna-5.12.1.jar:5.12.1 (b0)]
	at com.sun.jna.NativeLibrary.getInstance(NativeLibrary.java:467) ~[jna-5.12.1.jar:5.12.1 (b0)]
	at com.sun.jna.NativeLibrary.getInstance(NativeLibrary.java:409) ~[jna-5.12.1.jar:5.12.1 (b0)]
	at com.mojang.text2speech.NarratorLinux$FliteLibrary.loadNative(NarratorLinux.java:67) ~[text2speech-1.17.9.jar:?]
	... 21 more
	Suppressed: java.lang.UnsatisfiedLinkError: libflite.so: cannot open shared object file: No such file or directory
		at com.sun.jna.Native.open(Native Method) ~[jna-5.12.1.jar:5.12.1 (b0)]
		at com.sun.jna.NativeLibrary.loadLibrary(NativeLibrary.java:197) ~[jna-5.12.1.jar:5.12.1 (b0)]
		at com.sun.jna.NativeLibrary.getInstance(NativeLibrary.java:467) ~[jna-5.12.1.jar:5.12.1 (b0)]
		at com.sun.jna.NativeLibrary.getInstance(NativeLibrary.java:409) ~[jna-5.12.1.jar:5.12.1 (b0)]
		at com.mojang.text2speech.NarratorLinux$FliteLibrary.loadNative(NarratorLinux.java:67) ~[text2speech-1.17.9.jar:?]
		at com.mojang.text2speech.NarratorLinux.<init>(NarratorLinux.java:18) ~[text2speech-1.17.9.jar:?]
		at com.mojang.text2speech.Narrator.getNarrator(Narrator.java:41) ~[text2speech-1.17.9.jar:?]
		at net.minecraft.client.GameNarrator.<init>(GameNarrator.java:19) ~[forge-1.20.1-47.4.13_mapped_official_1.20.1.jar:?]
		at net.minecraft.client.Minecraft.<init>(Minecraft.java:553) ~[forge-1.20.1-47.4.13_mapped_official_1.20.1.jar:?]
		at net.minecraft.client.main.Main.main(Main.java:182) ~[forge-1.20.1-47.4.13_mapped_official_1.20.1.jar:?]
		at jdk.internal.reflect.NativeMethodAccessorImpl.invoke0(Native Method) ~[?:?]
		at jdk.internal.reflect.NativeMethodAccessorImpl.invoke(NativeMethodAccessorImpl.java:77) ~[?:?]
		at jdk.internal.reflect.DelegatingMethodAccessorImpl.invoke(DelegatingMethodAccessorImpl.java:43) ~[?:?]
		at java.lang.reflect.Method.invoke(Method.java:569) ~[?:?]
		at net.minecraftforge.fml.loading.targets.CommonLaunchHandler.runTarget(CommonLaunchHandler.java:111) ~[fmlloader-1.20.1-47.4.13.jar:?]
		at net.minecraftforge.fml.loading.targets.CommonLaunchHandler.clientService(CommonLaunchHandler.java:99) ~[fmlloader-1.20.1-47.4.13.jar:?]
		at net.minecraftforge.fml.loading.targets.ForgeClientUserdevLaunchHandler.devService(ForgeClientUserdevLaunchHandler.java:19) ~[fmlloader-1.20.1-47.4.13.jar:?]
		at net.minecraftforge.fml.loading.targets.CommonDevLaunchHandler.lambda$makeService$7(CommonDevLaunchHandler.java:135) ~[fmlloader-1.20.1-47.4.13.jar:?]
		at cpw.mods.modlauncher.LaunchServiceHandlerDecorator.launch(LaunchServiceHandlerDecorator.java:30) ~[modlauncher-10.0.9.jar:?]
		at cpw.mods.modlauncher.LaunchServiceHandler.launch(LaunchServiceHandler.java:53) ~[modlauncher-10.0.9.jar:?]
		at cpw.mods.modlauncher.LaunchServiceHandler.launch(LaunchServiceHandler.java:71) ~[modlauncher-10.0.9.jar:?]
		at cpw.mods.modlauncher.Launcher.run(Launcher.java:108) ~[modlauncher-10.0.9.jar:?]
		at cpw.mods.modlauncher.Launcher.main(Launcher.java:78) ~[modlauncher-10.0.9.jar:?]
		at cpw.mods.modlauncher.BootstrapLaunchConsumer.accept(BootstrapLaunchConsumer.java:26) ~[modlauncher-10.0.9.jar:?]
		at cpw.mods.modlauncher.BootstrapLaunchConsumer.accept(BootstrapLaunchConsumer.java:23) ~[modlauncher-10.0.9.jar:?]
		at cpw.mods.bootstraplauncher.BootstrapLauncher.main(BootstrapLauncher.java:141) ~[bootstraplauncher-1.1.2.jar:?]
	Suppressed: java.lang.UnsatisfiedLinkError: libflite.so: cannot open shared object file: No such file or directory
		at com.sun.jna.Native.open(Native Method) ~[jna-5.12.1.jar:5.12.1 (b0)]
		at com.sun.jna.NativeLibrary.loadLibrary(NativeLibrary.java:210) ~[jna-5.12.1.jar:5.12.1 (b0)]
		at com.sun.jna.NativeLibrary.getInstance(NativeLibrary.java:467) ~[jna-5.12.1.jar:5.12.1 (b0)]
		at com.sun.jna.NativeLibrary.getInstance(NativeLibrary.java:409) ~[jna-5.12.1.jar:5.12.1 (b0)]
		at com.mojang.text2speech.NarratorLinux$FliteLibrary.loadNative(NarratorLinux.java:67) ~[text2speech-1.17.9.jar:?]
		at com.mojang.text2speech.NarratorLinux.<init>(NarratorLinux.java:18) ~[text2speech-1.17.9.jar:?]
		at com.mojang.text2speech.Narrator.getNarrator(Narrator.java:41) ~[text2speech-1.17.9.jar:?]
		at net.minecraft.client.GameNarrator.<init>(GameNarrator.java:19) ~[forge-1.20.1-47.4.13_mapped_official_1.20.1.jar:?]
		at net.minecraft.client.Minecraft.<init>(Minecraft.java:553) ~[forge-1.20.1-47.4.13_mapped_official_1.20.1.jar:?]
		at net.minecraft.client.main.Main.main(Main.java:182) ~[forge-1.20.1-47.4.13_mapped_official_1.20.1.jar:?]
		at jdk.internal.reflect.NativeMethodAccessorImpl.invoke0(Native Method) ~[?:?]
		at jdk.internal.reflect.NativeMethodAccessorImpl.invoke(NativeMethodAccessorImpl.java:77) ~[?:?]
		at jdk.internal.reflect.DelegatingMethodAccessorImpl.invoke(DelegatingMethodAccessorImpl.java:43) ~[?:?]
		at java.lang.reflect.Method.invoke(Method.java:569) ~[?:?]
		at net.minecraftforge.fml.loading.targets.CommonLaunchHandler.runTarget(CommonLaunchHandler.java:111) ~[fmlloader-1.20.1-47.4.13.jar:?]
		at net.minecraftforge.fml.loading.targets.CommonLaunchHandler.clientService(CommonLaunchHandler.java:99) ~[fmlloader-1.20.1-47.4.13.jar:?]
		at net.minecraftforge.fml.loading.targets.ForgeClientUserdevLaunchHandler.devService(ForgeClientUserdevLaunchHandler.java:19) ~[fmlloader-1.20.1-47.4.13.jar:?]
		at net.minecraftforge.fml.loading.targets.CommonDevLaunchHandler.lambda$makeService$7(CommonDevLaunchHandler.java:135) ~[fmlloader-1.20.1-47.4.13.jar:?]
		at cpw.mods.modlauncher.LaunchServiceHandlerDecorator.launch(LaunchServiceHandlerDecorator.java:30) ~[modlauncher-10.0.9.jar:?]
		at cpw.mods.modlauncher.LaunchServiceHandler.launch(LaunchServiceHandler.java:53) ~[modlauncher-10.0.9.jar:?]
		at cpw.mods.modlauncher.LaunchServiceHandler.launch(LaunchServiceHandler.java:71) ~[modlauncher-10.0.9.jar:?]
		at cpw.mods.modlauncher.Launcher.run(Launcher.java:108) ~[modlauncher-10.0.9.jar:?]
		at cpw.mods.modlauncher.Launcher.main(Launcher.java:78) ~[modlauncher-10.0.9.jar:?]
		at cpw.mods.modlauncher.BootstrapLaunchConsumer.accept(BootstrapLaunchConsumer.java:26) ~[modlauncher-10.0.9.jar:?]
		at cpw.mods.modlauncher.BootstrapLaunchConsumer.accept(BootstrapLaunchConsumer.java:23) ~[modlauncher-10.0.9.jar:?]
		at cpw.mods.bootstraplauncher.BootstrapLauncher.main(BootstrapLauncher.java:141) ~[bootstraplauncher-1.1.2.jar:?]
	Suppressed: java.io.IOException: Native library (linux-x86-64/libflite.so) not found in resource path (/home/dev/better-content/generated/custom-mod-sources/tcon-affixes/build/classes/java/main:/home/dev/better-content/generated/custom-mod-sources/tcon-affixes/build/classes/kotlin/main:/home/dev/better-content/generated/custom-mod-sources/tcon-affixes/build/resources/main:/home/dev/.gradle/caches/modules-2/files-2.1/org.jetbrains.kotlinx/kotlinx-coroutines-core-jvm/1.7.3/2b09627576f0989a436a00a4a54b55fa5026fb86/kotlinx-coroutines-core-jvm-1.7.3.jar:/home/dev/.gradle/caches/modules-2/files-2.1/org.jetbrains.kotlinx/kotlinx-coroutines-jdk8/1.7.3/263611b87f7546402852e43a8dc7ef3223ada42a/kotlinx-coroutines-jdk8-1.7.3.jar:/home/dev/.gradle/caches/modules-2/files-2.1/org.jetbrains.kotlin/kotlin-stdlib-jdk7/1.9.24/46b6e1099acabc71feca1c0013deee78e6793d07/kotlin-stdlib-jdk7-1.9.24.jar:/home/dev/.gradle/caches/modules-2/files-2.1/org.jetbrains.kotlin/kotlin-stdlib/1.9.24/9928532f12c66ad816a625b3f9984f8368ca6d2b/kotlin-stdlib-1.9.24.jar:/home/dev/.gradle/caches/modules-2/files-2.1/org.jetbrains.kotlin/kotlin-stdlib-jdk8/1.9.24/a2f6d82081a54b52ceb120c5a18f87402ccab0c/kotlin-stdlib-jdk8-1.9.24.jar:/home/dev/.gradle/caches/forge_gradle/deobf_dependencies/curse/maven/kotlin-for-forge-351264/4578885_mapped_official_1.20.1/kotlin-for-forge-351264-4578885_mapped_official_1.20.1.jar:/home/dev/.gradle/caches/forge_gradle/minecraft_user_repo/net/minecraftforge/forge/1.20.1-47.4.13_mapped_official_1.20.1/forge-1.20.1-47.4.13_mapped_official_1.20.1.jar:/home/dev/.gradle/caches/forge_gradle/deobf_dependencies/curse/maven/mantle-74924/7563777_mapped_official_1.20.1/mantle-74924-7563777_mapped_official_1.20.1.jar:/home/dev/.gradle/caches/forge_gradle/deobf_dependencies/curse/maven/tinkers-construct-74072/7449219_mapped_official_1.20.1/tinkers-construct-74072-7449219_mapped_official_1.20.1.jar:/home/dev/.gradle/caches/forge_gradle/minecraft_repo/versions/1.20.1/client-extra.jar:/home/dev/.gradle/caches/modules-2/files-2.1/net.minecraftforge/fmlearlydisplay/1.20.1-47.4.13/ba7b07fcea003721c5cdbaa0f2d10d43db11daab/fmlearlydisplay-1.20.1-47.4.13.jar:/home/dev/.gradle/caches/modules-2/files-2.1/net.minecraftforge/javafmllanguage/1.20.1-47.4.13/cf01e2179f72bd2829c65f5226d7dd0cfb6c686/javafmllanguage-1.20.1-47.4.13.jar:/home/dev/.gradle/caches/modules-2/files-2.1/net.minecraftforge/lowcodelanguage/1.20.1-47.4.13/e3f96129ea14eba84316f2d69816253e228e6e4c/lowcodelanguage-1.20.1-47.4.13.jar:/home/dev/.gradle/caches/modules-2/files-2.1/net.minecraftforge/mclanguage/1.20.1-47.4.13/85796906112d9b621a7b2996f8bfda49da991ef0/mclanguage-1.20.1-47.4.13.jar:/home/dev/.gradle/caches/modules-2/files-2.1/net.minecraftforge/fmlcore/1.20.1-47.4.13/f77e3021d1eb31d61f8d1b92d18ed4fb3c2806e5/fmlcore-1.20.1-47.4.13.jar:/home/dev/.gradle/caches/modules-2/files-2.1/net.minecraftforge/fmlloader/1.20.1-47.4.13/b27b57b2f641bfe6ecdaf206ee54880d26bb9c10/fmlloader-1.20.1-47.4.13.jar:/home/dev/.gradle/caches/modules-2/files-2.1/net.minecraftforge/JarJarSelector/0.3.19/376cc9c8ea60720cf027c01fc033de915699801c/JarJarSelector-0.3.19.jar:/home/dev/.gradle/caches/modules-2/files-2.1/net.minecraftforge/JarJarMetadata/0.3.19/83feaa9b770e6ac0e96ee4fc23fa89325c5fe2/JarJarMetadata-0.3.19.jar:/home/dev/.gradle/caches/modules-2/files-2.1/com.google.guava/guava/31.1-jre/60458f877d055d0c9114d9e1a2efb737b4bc282c/guava-31.1-jre.jar:/home/dev/.gradle/caches/modules-2/files-2.1/com.google.code.findbugs/jsr305/3.0.2/25ea2e8b0c338a877313bd4672d3fe056ea78f0d/jsr305-3.0.2.jar:/home/dev/.gradle/caches/modules-2/files-2.1/ca.weblite/java-objc-bridge/1.1/1227f9e0666314f9de41477e3ec277e542ed7f7b/java-objc-bridge-1.1.jar:/home/dev/.gradle/caches/modules-2/files-2.1/net.minecraftforge/forgespi/7.0.1/3b4972a0cdb135853dba219be61a79b22cff1309/forgespi-7.0.1.jar:/home/dev/.gradle/caches/modules-2/files-2.1/net.minecraftforge/mergetool/1.1.5/f3da18e12c696d35a47c82cbb2cc8b5aa15e1154/mergetool-1.1.5-api.jar:/home/dev/.gradle/caches/modules-2/files-2.1/org.jetbrains/annotations/24.0.1/13c5c75c4206580aa4d683bffee658caae6c9f43/annotations-24.0.1.jar:/home/dev/.gradle/caches/forge_gradle/mcp_repo/net/minecraft/mapping/1.20.1/mapping-1.20.1-mapping.zip:/home/dev/.gradle/caches/modules-2/files-2.1/net.minecraftforge/accesstransformers/8.0.4/272d240aa73f42195b2a68e2ebd8b701ecf41f63/accesstransformers-8.0.4.jar:/home/dev/.gradle/caches/modules-2/files-2.1/net.minecraftforge/eventbus/6.0.5/699143dd438431d06b57416944f7cedbe52e1475/eventbus-6.0.5.jar:/home/dev/.gradle/caches/modules-2/files-2.1/cpw.mods/modlauncher/10.0.9/6d9443f56f50bb85cea383686ff9c867391458b/modlauncher-10.0.9.jar:/home/dev/.gradle/caches/modules-2/files-2.1/cpw.mods/bootstraplauncher/1.1.2/c546e00443d8432cda6baa1c860346980742628/bootstraplauncher-1.1.2.jar:/home/dev/.gradle/caches/modules-2/files-2.1/cpw.mods/securejarhandler/2.1.10/51e6a22c6c716beb11e244bf5b8be480f51dd6b5/securejarhandler-2.1.10.jar:/home/dev/.gradle/caches/modules-2/files-2.1/net.minecraftforge/coremods/5.2.4/e30bab269d896613e38396274711410b3a0e4b87/coremods-5.2.4.jar:/home/dev/.gradle/caches/modules-2/files-2.1/org.openjdk.nashorn/nashorn-core/15.4/f67f5ffaa5f5130cf6fb9b133da00c7df3b532a5/nashorn-core-15.4.jar:/home/dev/.gradle/caches/modules-2/files-2.1/org.ow2.asm/asm-commons/9.8/36e4d212970388e5bd2c5180292012502df461bb/asm-commons-9.8.jar:/home/dev/.gradle/caches/modules-2/files-2.1/org.ow2.asm/asm-util/9.8/395f1c1f035258511f27bc9b2583d76e4b143f59/asm-util-9.8.jar:/home/dev/.gradle/caches/modules-2/files-2.1/org.ow2.asm/asm-analysis/9.8/b9747a320844b6cb1eacd90d8ecfd260a16c01d3/asm-analysis-9.8.jar:/home/dev/.gradle/caches/modules-2/files-2.1/org.ow2.asm/asm-tree/9.8/18419ca5b77a2f81097c741e7872e6ab8d2f40d/asm-tree-9.8.jar:/home/dev/.gradle/caches/modules-2/files-2.1/org.ow2.asm/asm/9.8/dc19ecb3f7889b7860697215cae99c0f9b6f6b4b/asm-9.8.jar:/home/dev/.gradle/caches/modules-2/files-2.1/org.antlr/antlr4/4.9.1/e92af8ab33e428461927b484e90bb155a4f3a052/antlr4-4.9.1.jar:/home/dev/.gradle/caches/modules-2/files-2.1/org.antlr/antlr4-runtime/4.9.1/428664f05d2b7f7b7610204b5aa7c1763f62011a/antlr4-runtime-4.9.1.jar:/home/dev/.gradle/caches/modules-2/files-2.1/net.minecraftforge/unsafe/0.2.0/54d7a0a5e8fdb71b973025caa46f341ae5904f39/unsafe-0.2.0.jar:/home/dev/.gradle/caches/modules-2/files-2.1/com.electronwill.night-config/toml/3.6.4/51d6cefb2b55ee55ee26b16391212fb2c7dfb4f4/toml-3.6.4.jar:/home/dev/.gradle/caches/modules-2/files-2.1/com.electronwill.night-config/core/3.6.4/510f174abbf1c947494db50ef2445683bd52c230/core-3.6.4.jar:/home/dev/.gradle/caches/modules-2/files-2.1/org.apache.maven/maven-artifact/3.8.5/4433f50c07debefaed0553bd0068f4f48d449313/maven-artifact-3.8.5.jar:/home/dev/.gradle/caches/modules-2/files-2.1/net.jodah/typetools/0.6.3/a01aaa6ddaea9ec07ec4f209487b7a46a526283a/typetools-0.6.3.jar:/home/dev/.gradle/caches/modules-2/files-2.1/net.minecrell/terminalconsoleappender/1.2.0/96d02cd3b384ff015a8fef4223bcb4ccf1717c95/terminalconsoleappender-1.2.0.jar:/home/dev/.gradle/caches/modules-2/files-2.1/org.jline/jline-reader/3.12.1/4382ab1382c7b6f379377ed5f665dc2f6e1218bc/jline-reader-3.12.1.jar:/home/dev/.gradle/caches/modules-2/files-2.1/org.jline/jline-terminal/3.12.1/c777448314e050d980a6b697c140f3bfe9eb7416/jline-terminal-3.12.1.jar:/home/dev/.gradle/caches/modules-2/files-2.1/org.spongepowered/mixin/0.8.5/9d1c0c3a304ae6697ecd477218fa61b850bf57fc/mixin-0.8.5.jar:/home/dev/.gradle/caches/modules-2/files-2.1/net.minecraftforge/JarJarFileSystems/0.3.19/2464eb7d6b9ddb9db36a82cf8a95193e5c6fe020/JarJarFileSystems-0.3.19.jar:/home/dev/.gradle/caches/modules-2/files-2.1/com.github.oshi/oshi-core/6.2.2/54f5efc19bca95d709d9a37d19ffcbba3d21c1a6/oshi-core-6.2.2.jar:/home/dev/.gradle/caches/modules-2/files-2.1/com.google.code.gson/gson/2.10/dd9b193aef96e973d5a11ab13cd17430c2e4306b/gson-2.10.jar:/home/dev/.gradle/caches/modules-2/files-2.1/com.google.guava/failureaccess/1.0.1/1dcf1de382a0bf95a3d8b0849546c88bac1292c9/failureaccess-1.0.1.jar:/home/dev/.gradle/caches/modules-2/files-2.1/com.ibm.icu/icu4j/71.1/9e7d3304c23f9ba5cb71915f7cce23231a57a445/icu4j-71.1.jar:/home/dev/.gradle/caches/modules-2/files-2.1/com.mojang/authlib/4.0.43/2ff9d747a77570a07a60d32ac77eb6162ad2a2d9/authlib-4.0.43.jar:/home/dev/.gradle/caches/modules-2/files-2.1/com.mojang/blocklist/1.0.10/5c685c5ffa94c4cd39496c7184c1d122e515ecef/blocklist-1.0.10.jar:/home/dev/.gradle/caches/modules-2/files-2.1/com.mojang/brigadier/1.1.8/5244ce82c3337bba4a196a3ce858bfaecc74404a/brigadier-1.1.8.jar:/home/dev/.gradle/caches/modules-2/files-2.1/com.mojang/datafixerupper/6.0.8/3ba4a30557a9b057760af4011f909ba619fc5125/datafixerupper-6.0.8.jar:/home/dev/.gradle/caches/modules-2/files-2.1/com.mojang/logging/1.1.1/832b8e6674a9b325a5175a3a6267dfaf34c85139/logging-1.1.1.jar:/home/dev/.gradle/caches/modules-2/files-2.1/com.mojang/patchy/2.2.10/da05971b07cbb379d002cf7eaec6a2048211fefc/patchy-2.2.10.jar:/home/dev/.gradle/caches/modules-2/files-2.1/com.mojang/text2speech/1.17.9/3cad216e3a7f0c19b4b394388bc9ffc446f13b14/text2speech-1.17.9.jar:/home/dev/.gradle/caches/modules-2/files-2.1/org.apache.httpcomponents/httpclient/4.5.13/e5f6cae5ca7ecaac1ec2827a9e2d65ae2869cada/httpclient-4.5.13.jar:/home/dev/.gradle/caches/modules-2/files-2.1/commons-codec/commons-codec/1.15/49d94806b6e3dc933dacbd8acb0fdbab8ebd1e5d/commons-codec-1.15.jar:/home/dev/.gradle/caches/modules-2/files-2.1/commons-io/commons-io/2.11.0/a2503f302b11ebde7ebc3df41daebe0e4eea3689/commons-io-2.11.0.jar:/home/dev/.gradle/caches/modules-2/files-2.1/commons-logging/commons-logging/1.2/4bfc12adfe4842bf07b657f0369c4cb522955686/commons-logging-1.2.jar:/home/dev/.gradle/caches/modules-2/files-2.1/io.netty/netty-handler/4.1.82.Final/644041d1fa96a5d3130a29e8978630d716d76e38/netty-handler-4.1.82.Final.jar:/home/dev/.gradle/caches/modules-2/files-2.1/io.netty/netty-codec/4.1.82.Final/b77200379acb345a9ffdece1c605e591ac3e4e0a/netty-codec-4.1.82.Final.jar:/home/dev/.gradle/caches/modules-2/files-2.1/io.netty/netty-transport-native-epoll/4.1.82.Final/476409d6255001ca53a55f65b01c13822f8dc93a/netty-transport-native-epoll-4.1.82.Final-linux-aarch_64.jar:/home/dev/.gradle/caches/modules-2/files-2.1/io.netty/netty-transport-native-epoll/4.1.82.Final/c7350a71920f3ae9142945e25fed4846cce53374/netty-transport-native-epoll-4.1.82.Final-linux-x86_64.jar:/home/dev/.gradle/caches/modules-2/files-2.1/io.netty/netty-transport-classes-epoll/4.1.82.Final/e7c7dd18deac93105797f30057c912651ea76521/netty-transport-classes-epoll-4.1.82.Final.jar:/home/dev/.gradle/caches/modules-2/files-2.1/io.netty/netty-transport-native-unix-common/4.1.82.Final/3e895b35ca1b8a0eca56cacff4c2dde5d2c6abce/netty-transport-native-unix-common-4.1.82.Final.jar:/home/dev/.gradle/caches/modules-2/files-2.1/io.netty/netty-transport/4.1.82.Final/e431a218d91acb6476ccad5f5aafde50aa3945ca/netty-transport-4.1.82.Final.jar:/home/dev/.gradle/caches/modules-2/files-2.1/io.netty/netty-buffer/4.1.82.Final/a544270cf1ae8b8077082f5036436a9a9971ea71/netty-buffer-4.1.82.Final.jar:/home/dev/.gradle/caches/modules-2/files-2.1/io.netty/netty-resolver/4.1.82.Final/38f665ae8dcd29032eea31245ba7806bed2e0fa8/netty-resolver-4.1.82.Final.jar:/home/dev/.gradle/caches/modules-2/files-2.1/io.netty/netty-common/4.1.82.Final/22d148e85c3f5ebdacc0ce1f5aabb1d420f73f3/netty-common-4.1.82.Final.jar:/home/dev/.gradle/caches/modules-2/files-2.1/it.unimi.dsi/fastutil/8.5.9/bb7ea75ecdb216654237830b3a96d87ad91f8cc5/fastutil-8.5.9.jar:/home/dev/.gradle/caches/modules-2/files-2.1/net.java.dev.jna/jna-platform/5.12.1/97406a297c852f4a41e688a176ec675f72e8329/jna-platform-5.12.1.jar:/home/dev/.gradle/caches/modules-2/files-2.1/net.java.dev.jna/jna/5.12.1/b1e93a735caea94f503e95e6fe79bf9cdc1e985d/jna-5.12.1.jar:/home/dev/.gradle/caches/modules-2/files-2.1/net.sf.jopt-simple/jopt-simple/5.0.4/4fdac2fbe92dfad86aa6e9301736f6b4342a3f5c/jopt-simple-5.0.4.jar:/home/dev/.gradle/caches/modules-2/files-2.1/org.apache.commons/commons-compress/1.21/4ec95b60d4e86b5c95a0e919cb172a0af98011ef/commons-compress-1.21.jar:/home/dev/.gradle/caches/modules-2/files-2.1/org.apache.commons/commons-lang3/3.12.0/c6842c86792ff03b9f1d1fe2aab8dc23aa6c6f0e/commons-lang3-3.12.0.jar:/home/dev/.gradle/caches/modules-2/files-2.1/org.apache.httpcomponents/httpcore/4.4.15/7f2e0c573eaa7a74bac2e89b359e1f73d92a0a1d/httpcore-4.4.15.jar:/home/dev/.gradle/caches/modules-2/files-2.1/org.apache.logging.log4j/log4j-core/2.19.0/3b6eeb4de4c49c0fe38a4ee27188ff5fee44d0bb/log4j-core-2.19.0.jar:/home/dev/.gradle/caches/modules-2/files-2.1/org.apache.logging.log4j/log4j-slf4j2-impl/2.19.0/5c04bfdd63ce9dceb2e284b81e96b6a70010ee10/log4j-slf4j2-impl-2.19.0.jar:/home/dev/.gradle/caches/modules-2/files-2.1/org.apache.logging.log4j/log4j-api/2.19.0/ea1b37f38c327596b216542bc636cfdc0b8036fa/log4j-api-2.19.0.jar:/home/dev/.gradle/caches/modules-2/files-2.1/org.joml/joml/1.10.5/22566d58af70ad3d72308bab63b8339906deb649/joml-1.10.5.jar:/home/dev/.gradle/caches/modules-2/files-2.1/org.lwjgl/lwjgl-glfw/3.3.1/cbac1b8d30cb4795149c1ef540f912671a8616d0/lwjgl-glfw-3.3.1.jar:/home/dev/.gradle/caches/modules-2/files-2.1/org.lwjgl/lwjgl-glfw/3.3.1/81716978214ecbda15050ca394b06ef61501a49e/lwjgl-glfw-3.3.1-natives-linux.jar:/home/dev/.gradle/caches/modules-2/files-2.1/org.lwjgl/lwjgl-jemalloc/3.3.1/a817bcf213db49f710603677457567c37d53e103/lwjgl-jemalloc-3.3.1.jar:/home/dev/.gradle/caches/modules-2/files-2.1/org.lwjgl/lwjgl-jemalloc/3.3.1/33dbb017b6ed6b25f993ad9d56741a49e7937718/lwjgl-jemalloc-3.3.1-natives-linux.jar:/home/dev/.gradle/caches/modules-2/files-2.1/org.lwjgl/lwjgl-openal/3.3.1/2623a6b8ae1dfcd880738656a9f0243d2e6840bd/lwjgl-openal-3.3.1.jar:/home/dev/.gradle/caches/modules-2/files-2.1/org.lwjgl/lwjgl-openal/3.3.1/f906b6439f6daa66001182ea7727e3467a93681b/lwjgl-openal-3.3.1-natives-linux.jar:/home/dev/.gradle/caches/modules-2/files-2.1/org.lwjgl/lwjgl-opengl/3.3.1/831a5533a21a5f4f81bbc51bb13e9899319b5411/lwjgl-opengl-3.3.1.jar:/home/dev/.gradle/caches/modules-2/files-2.1/org.lwjgl/lwjgl-opengl/3.3.1/ab9ab6fde3743e3550fa5d46d785ecb45b047d99/lwjgl-opengl-3.3.1-natives-linux.jar:/home/dev/.gradle/caches/modules-2/files-2.1/org.lwjgl/lwjgl-stb/3.3.1/b119297cf8ed01f247abe8685857f8e7fcf5980f/lwjgl-stb-3.3.1.jar:/home/dev/.gradle/caches/modules-2/files-2.1/org.lwjgl/lwjgl-stb/3.3.1/3ee7aec8686e52867677110415566a5342a80230/lwjgl-stb-3.3.1-natives-linux.jar:/home/dev/.gradle/caches/modules-2/files-2.1/org.lwjgl/lwjgl-tinyfd/3.3.1/ff1914111ef2e3e0110ef2dabc8d8cdaad82347/lwjgl-tinyfd-3.3.1.jar:/home/dev/.gradle/caches/modules-2/files-2.1/org.lwjgl/lwjgl-tinyfd/3.3.1/a35110b9471bea8cde826ab297550ee8c22f5035/lwjgl-tinyfd-3.3.1-natives-linux.jar:/home/dev/.gradle/caches/modules-2/files-2.1/org.lwjgl/lwjgl/3.3.1/ae58664f88e18a9bb2c77b063833ca7aaec484cb/lwjgl-3.3.1.jar:/home/dev/.gradle/caches/modules-2/files-2.1/org.lwjgl/lwjgl/3.3.1/1de885aba434f934201b99f2f1afb142036ac189/lwjgl-3.3.1-natives-linux.jar:/home/dev/.gradle/caches/modules-2/files-2.1/com.machinezoo.noexception/noexception/1.7.1/b65330c98e38a1f915fa54a6e5eca496505e3f0a/noexception-1.7.1.jar:/home/dev/.gradle/caches/modules-2/files-2.1/org.slf4j/slf4j-simple/1.7.30/e606eac955f55ecf1d8edcccba04eb8ac98088dd/slf4j-simple-1.7.30.jar:/home/dev/.gradle/caches/modules-2/files-2.1/org.slf4j/slf4j-api/2.0.1/f48d81adce2abf5ad3cfe463df517952749e03bc/slf4j-api-2.0.1.jar:/home/dev/.gradle/caches/modules-2/files-2.1/net.minecraftforge/srgutils/0.4.11/fbad1341ffdb47d276bbdc40ecb06da49e053e74/srgutils-0.4.11.jar:/home/dev/.gradle/caches/modules-2/files-2.1/org.codehaus.plexus/plexus-utils/3.3.0/cf43b5391de623b36fe066a21127baef82c64022/plexus-utils-3.3.0.jar:/home/dev/.gradle/caches/modules-2/files-2.1/com.google.guava/listenablefuture/9999.0-empty-to-avoid-conflict-with-guava/b421526c5f297295adef1c886e5246c39d4ac629/listenablefuture-9999.0-empty-to-avoid-conflict-with-guava.jar:/home/dev/.gradle/caches/modules-2/files-2.1/org.checkerframework/checker-qual/3.12.0/d5692f0526415fcc6de94bb5bfbd3afd9dd3b3e5/checker-qual-3.12.0.jar:/home/dev/.gradle/caches/modules-2/files-2.1/com.google.errorprone/error_prone_annotations/2.11.0/c5a0ace696d3f8b1c1d8cc036d8c03cc0cbe6b69/error_prone_annotations-2.11.0.jar:/home/dev/.gradle/caches/modules-2/files-2.1/com.google.j2objc/j2objc-annotations/1.3/ba035118bc8bac37d7eff77700720999acd9986d/j2objc-annotations-1.3.jar:/home/dev/.gradle/caches/modules-2/files-2.1/org.antlr/ST4/4.3/92f2c1ad8d84abcbeead6cf7f2c53a04166293c2/ST4-4.3.jar:/home/dev/.gradle/caches/modules-2/files-2.1/org.antlr/antlr-runtime/3.5.2/cd9cd41361c155f3af0f653009dcecb08d8b4afd/antlr-runtime-3.5.2.jar:/home/dev/.gradle/caches/modules-2/files-2.1/org.abego.treelayout/org.abego.treelayout.core/1.0.3/457216e8e6578099ae63667bb1e4439235892028/org.abego.treelayout.core-1.0.3.jar:/home/dev/.gradle/caches/modules-2/files-2.1/org.glassfish/javax.json/1.0.4/3178f73569fd7a1e5ffc464e680f7a8cc784b85a/javax.json-1.0.4.jar)
		at com.sun.jna.Native.extractFromResourcePath(Native.java:1145) ~[jna-5.12.1.jar:5.12.1 (b0)]
		at com.sun.jna.NativeLibrary.loadLibrary(NativeLibrary.java:281) ~[jna-5.12.1.jar:5.12.1 (b0)]
		at com.sun.jna.NativeLibrary.getInstance(NativeLibrary.java:467) ~[jna-5.12.1.jar:5.12.1 (b0)]
		at com.sun.jna.NativeLibrary.getInstance(NativeLibrary.java:409) ~[jna-5.12.1.jar:5.12.1 (b0)]
		at com.mojang.text2speech.NarratorLinux$FliteLibrary.loadNative(NarratorLinux.java:67) ~[text2speech-1.17.9.jar:?]
		at com.mojang.text2speech.NarratorLinux.<init>(NarratorLinux.java:18) ~[text2speech-1.17.9.jar:?]
		at com.mojang.text2speech.Narrator.getNarrator(Narrator.java:41) ~[text2speech-1.17.9.jar:?]
		at net.minecraft.client.GameNarrator.<init>(GameNarrator.java:19) ~[forge-1.20.1-47.4.13_mapped_official_1.20.1.jar:?]
		at net.minecraft.client.Minecraft.<init>(Minecraft.java:553) ~[forge-1.20.1-47.4.13_mapped_official_1.20.1.jar:?]
		at net.minecraft.client.main.Main.main(Main.java:182) ~[forge-1.20.1-47.4.13_mapped_official_1.20.1.jar:?]
		at jdk.internal.reflect.NativeMethodAccessorImpl.invoke0(Native Method) ~[?:?]
		at jdk.internal.reflect.NativeMethodAccessorImpl.invoke(NativeMethodAccessorImpl.java:77) ~[?:?]
		at jdk.internal.reflect.DelegatingMethodAccessorImpl.invoke(DelegatingMethodAccessorImpl.java:43) ~[?:?]
		at java.lang.reflect.Method.invoke(Method.java:569) ~[?:?]
		at net.minecraftforge.fml.loading.targets.CommonLaunchHandler.runTarget(CommonLaunchHandler.java:111) ~[fmlloader-1.20.1-47.4.13.jar:?]
		at net.minecraftforge.fml.loading.targets.CommonLaunchHandler.clientService(CommonLaunchHandler.java:99) ~[fmlloader-1.20.1-47.4.13.jar:?]
		at net.minecraftforge.fml.loading.targets.ForgeClientUserdevLaunchHandler.devService(ForgeClientUserdevLaunchHandler.java:19) ~[fmlloader-1.20.1-47.4.13.jar:?]
		at net.minecraftforge.fml.loading.targets.CommonDevLaunchHandler.lambda$makeService$7(CommonDevLaunchHandler.java:135) ~[fmlloader-1.20.1-47.4.13.jar:?]
		at cpw.mods.modlauncher.LaunchServiceHandlerDecorator.launch(LaunchServiceHandlerDecorator.java:30) ~[modlauncher-10.0.9.jar:?]
		at cpw.mods.modlauncher.LaunchServiceHandler.launch(LaunchServiceHandler.java:53) ~[modlauncher-10.0.9.jar:?]
		at cpw.mods.modlauncher.LaunchServiceHandler.launch(LaunchServiceHandler.java:71) ~[modlauncher-10.0.9.jar:?]
		at cpw.mods.modlauncher.Launcher.run(Launcher.java:108) ~[modlauncher-10.0.9.jar:?]
		at cpw.mods.modlauncher.Launcher.main(Launcher.java:78) ~[modlauncher-10.0.9.jar:?]
		at cpw.mods.modlauncher.BootstrapLaunchConsumer.accept(BootstrapLaunchConsumer.java:26) ~[modlauncher-10.0.9.jar:?]
		at cpw.mods.modlauncher.BootstrapLaunchConsumer.accept(BootstrapLaunchConsumer.java:23) ~[modlauncher-10.0.9.jar:?]
		at cpw.mods.bootstraplauncher.BootstrapLauncher.main(BootstrapLauncher.java:141) ~[bootstraplauncher-1.1.2.jar:?]
[11Aug2026 17:40:29.148] [Render thread/INFO] [net.minecraft.server.packs.resources.ReloadableResourceManager/]: Reloading ResourceManager: vanilla, mod_resources
[11Aug2026 17:40:29.158] [modloading-worker-0/DEBUG] [net.minecraftforge.fml.config.ConfigTracker/CONFIG]: Loading configs type CLIENT
[11Aug2026 17:40:29.159] [modloading-worker-0/DEBUG] [net.minecraftforge.fml.config.ConfigFileTypeHandler/CONFIG]: Built TOML config for /home/dev/better-content/generated/custom-mod-sources/tcon-affixes/run/config/mantle-client.toml
[11Aug2026 17:40:29.160] [modloading-worker-0/DEBUG] [net.minecraftforge.fml.config.ConfigFileTypeHandler/CONFIG]: Loaded TOML config file /home/dev/better-content/generated/custom-mod-sources/tcon-affixes/run/config/mantle-client.toml
[11Aug2026 17:40:29.163] [modloading-worker-0/DEBUG] [net.minecraftforge.fml.config.ConfigFileTypeHandler/CONFIG]: Watching TOML config file /home/dev/better-content/generated/custom-mod-sources/tcon-affixes/run/config/mantle-client.toml for changes
[11Aug2026 17:40:29.164] [modloading-worker-0/WARN] [net.minecraftforge.common.ForgeConfigSpec/CORE]: Configuration file /home/dev/better-content/generated/custom-mod-sources/tcon-affixes/run/config/mantle-client.toml is not correct. Correcting
[11Aug2026 17:40:29.174] [modloading-worker-0/WARN] [net.minecraftforge.common.ForgeConfigSpec/CORE]: Incorrect key heartRenderer was corrected from null to its default, WITH_MAX. 
[11Aug2026 17:40:29.175] [modloading-worker-0/DEBUG] [net.minecraftforge.common.ForgeConfigSpec/CORE]: The comment on key heartRenderer does not match the spec. This may create a backup.
[11Aug2026 17:40:29.175] [modloading-worker-0/WARN] [net.minecraftforge.common.ForgeConfigSpec/CORE]: Incorrect key enableFluidFogFix was corrected from null to its default, true. 
[11Aug2026 17:40:29.175] [modloading-worker-0/DEBUG] [net.minecraftforge.common.ForgeConfigSpec/CORE]: The comment on key enableFluidFogFix does not match the spec. This may create a backup.
[11Aug2026 17:40:29.180] [Thread-3/DEBUG] [net.minecraftforge.fml.config.ConfigFileTypeHandler/CONFIG]: Config file mantle-client.toml changed, sending notifies
[11Aug2026 17:40:29.182] [modloading-worker-0/DEBUG] [net.minecraftforge.fml.config.ConfigFileTypeHandler/CONFIG]: Built TOML config for /home/dev/better-content/generated/custom-mod-sources/tcon-affixes/run/config/tconstruct-client.toml
[11Aug2026 17:40:29.185] [modloading-worker-0/DEBUG] [net.minecraftforge.fml.config.ConfigFileTypeHandler/CONFIG]: Loaded TOML config file /home/dev/better-content/generated/custom-mod-sources/tcon-affixes/run/config/tconstruct-client.toml
[11Aug2026 17:40:29.185] [modloading-worker-0/DEBUG] [net.minecraftforge.fml.config.ConfigFileTypeHandler/CONFIG]: Watching TOML config file /home/dev/better-content/generated/custom-mod-sources/tcon-affixes/run/config/tconstruct-client.toml for changes
[11Aug2026 17:40:29.185] [modloading-worker-0/WARN] [net.minecraftforge.common.ForgeConfigSpec/CORE]: Configuration file /home/dev/better-content/generated/custom-mod-sources/tcon-affixes/run/config/tconstruct-client.toml is not correct. Correcting
[11Aug2026 17:40:29.181] [Thread-3/DEBUG] [net.minecraftforge.fml.config.ConfigFileTypeHandler/CONFIG]: Config file mantle-client.toml changed, sending notifies
[11Aug2026 17:40:29.185] [Thread-3/DEBUG] [net.minecraftforge.fml.config.ConfigFileTypeHandler/CONFIG]: Config file mantle-client.toml changed, sending notifies
[11Aug2026 17:40:29.186] [modloading-worker-0/WARN] [net.minecraftforge.common.ForgeConfigSpec/CORE]: Incorrect key client was corrected from null to its default, SimpleCommentedConfig:{}. 
[11Aug2026 17:40:29.187] [modloading-worker-0/WARN] [net.minecraftforge.common.ForgeConfigSpec/CORE]: Incorrect key client.tankFluidModel was corrected from null to its default, false. 
[11Aug2026 17:40:29.187] [modloading-worker-0/DEBUG] [net.minecraftforge.common.ForgeConfigSpec/CORE]: The comment on key client.tankFluidModel does not match the spec. This may create a backup.
[11Aug2026 17:40:29.187] [modloading-worker-0/WARN] [net.minecraftforge.common.ForgeConfigSpec/CORE]: Incorrect key client.logMissingMaterialTextures was corrected from null to its default, false. 
[11Aug2026 17:40:29.187] [modloading-worker-0/DEBUG] [net.minecraftforge.common.ForgeConfigSpec/CORE]: The comment on key client.logMissingMaterialTextures does not match the spec. This may create a backup.
[11Aug2026 17:40:29.187] [modloading-worker-0/WARN] [net.minecraftforge.common.ForgeConfigSpec/CORE]: Incorrect key client.logMissingModifierTextures was corrected from null to its default, false. 
[11Aug2026 17:40:29.187] [modloading-worker-0/DEBUG] [net.minecraftforge.common.ForgeConfigSpec/CORE]: The comment on key client.logMissingModifierTextures does not match the spec. This may create a backup.
[11Aug2026 17:40:29.187] [modloading-worker-0/WARN] [net.minecraftforge.common.ForgeConfigSpec/CORE]: Incorrect key client.jei was corrected from null to its default, SimpleCommentedConfig:{}. 
[11Aug2026 17:40:29.187] [modloading-worker-0/WARN] [net.minecraftforge.common.ForgeConfigSpec/CORE]: Incorrect key client.jei.showModifiers was corrected from null to its default, true. 
[11Aug2026 17:40:29.187] [modloading-worker-0/DEBUG] [net.minecraftforge.common.ForgeConfigSpec/CORE]: The comment on key client.jei.showModifiers does not match the spec. This may create a backup.
[11Aug2026 17:40:29.187] [modloading-worker-0/WARN] [net.minecraftforge.common.ForgeConfigSpec/CORE]: Incorrect key client.jei.showOnlyToolMaterial was corrected from null to its default, . 
[11Aug2026 17:40:29.187] [modloading-worker-0/DEBUG] [net.minecraftforge.common.ForgeConfigSpec/CORE]: The comment on key client.jei.showOnlyToolMaterial does not match the spec. This may create a backup.
[11Aug2026 17:40:29.187] [modloading-worker-0/WARN] [net.minecraftforge.common.ForgeConfigSpec/CORE]: Incorrect key client.jei.showOnlyPartMaterial was corrected from null to its default, . 
[11Aug2026 17:40:29.187] [modloading-worker-0/DEBUG] [net.minecraftforge.common.ForgeConfigSpec/CORE]: The comment on key client.jei.showOnlyPartMaterial does not match the spec. This may create a backup.
[11Aug2026 17:40:29.187] [modloading-worker-0/WARN] [net.minecraftforge.common.ForgeConfigSpec/CORE]: Incorrect key client.jei.showAllTableVariants was corrected from null to its default, false. 
[11Aug2026 17:40:29.187] [modloading-worker-0/DEBUG] [net.minecraftforge.common.ForgeConfigSpec/CORE]: The comment on key client.jei.showAllTableVariants does not match the spec. This may create a backup.
[11Aug2026 17:40:29.188] [modloading-worker-0/WARN] [net.minecraftforge.common.ForgeConfigSpec/CORE]: Incorrect key client.jei.showAllAnvilVariants was corrected from null to its default, true. 
[11Aug2026 17:40:29.188] [modloading-worker-0/DEBUG] [net.minecraftforge.common.ForgeConfigSpec/CORE]: The comment on key client.jei.showAllAnvilVariants does not match the spec. This may create a backup.
[11Aug2026 17:40:29.188] [modloading-worker-0/WARN] [net.minecraftforge.common.ForgeConfigSpec/CORE]: Incorrect key client.jei.showAllSmelteryVariants was corrected from null to its default, false. 
[11Aug2026 17:40:29.188] [modloading-worker-0/DEBUG] [net.minecraftforge.common.ForgeConfigSpec/CORE]: The comment on key client.jei.showAllSmelteryVariants does not match the spec. This may create a backup.
[11Aug2026 17:40:29.188] [modloading-worker-0/WARN] [net.minecraftforge.common.ForgeConfigSpec/CORE]: Incorrect key client.jei.showFilledFluidTanks was corrected from null to its default, false. 
[11Aug2026 17:40:29.188] [modloading-worker-0/DEBUG] [net.minecraftforge.common.ForgeConfigSpec/CORE]: The comment on key client.jei.showFilledFluidTanks does not match the spec. This may create a backup.
[11Aug2026 17:40:29.188] [modloading-worker-0/WARN] [net.minecraftforge.common.ForgeConfigSpec/CORE]: Incorrect key client.jei.showPotionFluid was corrected from null to its default, true. 
[11Aug2026 17:40:29.188] [modloading-worker-0/DEBUG] [net.minecraftforge.common.ForgeConfigSpec/CORE]: The comment on key client.jei.showPotionFluid does not match the spec. This may create a backup.
[11Aug2026 17:40:29.188] [modloading-worker-0/DEBUG] [net.minecraftforge.common.ForgeConfigSpec/CORE]: The comment on key client.jei does not match the spec. This may create a backup.
[11Aug2026 17:40:29.188] [modloading-worker-0/WARN] [net.minecraftforge.common.ForgeConfigSpec/CORE]: Incorrect key client.maxSmelteryItemQuads was corrected from null to its default, 3500. 
[11Aug2026 17:40:29.188] [modloading-worker-0/DEBUG] [net.minecraftforge.common.ForgeConfigSpec/CORE]: The comment on key client.maxSmelteryItemQuads does not match the spec. This may create a backup.
[11Aug2026 17:40:29.188] [modloading-worker-0/WARN] [net.minecraftforge.common.ForgeConfigSpec/CORE]: Incorrect key client.modifiersIDsInAdvancedTooltips was corrected from null to its default, true. 
[11Aug2026 17:40:29.188] [modloading-worker-0/DEBUG] [net.minecraftforge.common.ForgeConfigSpec/CORE]: The comment on key client.modifiersIDsInAdvancedTooltips does not match the spec. This may create a backup.
[11Aug2026 17:40:29.188] [modloading-worker-0/WARN] [net.minecraftforge.common.ForgeConfigSpec/CORE]: Incorrect key client.modifiers was corrected from null to its default, SimpleCommentedConfig:{}. 
[11Aug2026 17:40:29.188] [modloading-worker-0/WARN] [net.minecraftforge.common.ForgeConfigSpec/CORE]: Incorrect key client.modifiers.renderShieldSlotItem was corrected from null to its default, true. 
[11Aug2026 17:40:29.188] [modloading-worker-0/DEBUG] [net.minecraftforge.common.ForgeConfigSpec/CORE]: The comment on key client.modifiers.renderShieldSlotItem does not match the spec. This may create a backup.
[11Aug2026 17:40:29.188] [modloading-worker-0/WARN] [net.minecraftforge.common.ForgeConfigSpec/CORE]: Incorrect key client.modifiers.renderSleevesItem was corrected from null to its default, true. 
[11Aug2026 17:40:29.188] [modloading-worker-0/DEBUG] [net.minecraftforge.common.ForgeConfigSpec/CORE]: The comment on key client.modifiers.renderSleevesItem does not match the spec. This may create a backup.
[11Aug2026 17:40:29.188] [modloading-worker-0/WARN] [net.minecraftforge.common.ForgeConfigSpec/CORE]: Incorrect key client.modifiers.itemFrame was corrected from null to its default, SimpleCommentedConfig:{}. 
[11Aug2026 17:40:29.188] [modloading-worker-0/WARN] [net.minecraftforge.common.ForgeConfigSpec/CORE]: Incorrect key client.modifiers.itemFrame.render was corrected from null to its default, true. 
[11Aug2026 17:40:29.188] [modloading-worker-0/DEBUG] [net.minecraftforge.common.ForgeConfigSpec/CORE]: The comment on key client.modifiers.itemFrame.render does not match the spec. This may create a backup.
[11Aug2026 17:40:29.188] [modloading-worker-0/WARN] [net.minecraftforge.common.ForgeConfigSpec/CORE]: Incorrect key client.modifiers.itemFrame.xOffset was corrected from null to its default, 0. 
[11Aug2026 17:40:29.188] [modloading-worker-0/DEBUG] [net.minecraftforge.common.ForgeConfigSpec/CORE]: The comment on key client.modifiers.itemFrame.xOffset does not match the spec. This may create a backup.
[11Aug2026 17:40:29.188] [modloading-worker-0/WARN] [net.minecraftforge.common.ForgeConfigSpec/CORE]: Incorrect key client.modifiers.itemFrame.yOffset was corrected from null to its default, 0. 
[11Aug2026 17:40:29.188] [modloading-worker-0/DEBUG] [net.minecraftforge.common.ForgeConfigSpec/CORE]: The comment on key client.modifiers.itemFrame.yOffset does not match the spec. This may create a backup.
[11Aug2026 17:40:29.188] [modloading-worker-0/WARN] [net.minecraftforge.common.ForgeConfigSpec/CORE]: Incorrect key client.modifiers.itemFrame.location was corrected from null to its default, TOP_LEFT. 
[11Aug2026 17:40:29.188] [modloading-worker-0/DEBUG] [net.minecraftforge.common.ForgeConfigSpec/CORE]: The comment on key client.modifiers.itemFrame.location does not match the spec. This may create a backup.
[11Aug2026 17:40:29.188] [modloading-worker-0/WARN] [net.minecraftforge.common.ForgeConfigSpec/CORE]: Incorrect key client.modifiers.itemFrame.itemsPerRow was corrected from null to its default, 5. 
[11Aug2026 17:40:29.188] [modloading-worker-0/DEBUG] [net.minecraftforge.common.ForgeConfigSpec/CORE]: The comment on key client.modifiers.itemFrame.itemsPerRow does not match the spec. This may create a backup.
[11Aug2026 17:40:29.188] [modloading-worker-0/DEBUG] [net.minecraftforge.common.ForgeConfigSpec/CORE]: The comment on key client.modifiers.itemFrame does not match the spec. This may create a backup.
[11Aug2026 17:40:29.188] [modloading-worker-0/WARN] [net.minecraftforge.common.ForgeConfigSpec/CORE]: Incorrect key client.modifiers.minimap was corrected from null to its default, SimpleCommentedConfig:{}. 
[11Aug2026 17:40:29.188] [modloading-worker-0/WARN] [net.minecraftforge.common.ForgeConfigSpec/CORE]: Incorrect key client.modifiers.minimap.xOffset was corrected from null to its default, 0. 
[11Aug2026 17:40:29.188] [modloading-worker-0/DEBUG] [net.minecraftforge.common.ForgeConfigSpec/CORE]: The comment on key client.modifiers.minimap.xOffset does not match the spec. This may create a backup.
[11Aug2026 17:40:29.188] [modloading-worker-0/WARN] [net.minecraftforge.common.ForgeConfigSpec/CORE]: Incorrect key client.modifiers.minimap.yOffset was corrected from null to its default, 0. 
[11Aug2026 17:40:29.188] [modloading-worker-0/DEBUG] [net.minecraftforge.common.ForgeConfigSpec/CORE]: The comment on key client.modifiers.minimap.yOffset does not match the spec. This may create a backup.
[11Aug2026 17:40:29.188] [modloading-worker-0/WARN] [net.minecraftforge.common.ForgeConfigSpec/CORE]: Incorrect key client.modifiers.minimap.scale was corrected from null to its default, 0.75. 
[11Aug2026 17:40:29.188] [modloading-worker-0/DEBUG] [net.minecraftforge.common.ForgeConfigSpec/CORE]: The comment on key client.modifiers.minimap.scale does not match the spec. This may create a backup.
[11Aug2026 17:40:29.188] [modloading-worker-0/WARN] [net.minecraftforge.common.ForgeConfigSpec/CORE]: Incorrect key client.modifiers.minimap.location was corrected from null to its default, TOP_LEFT. 
[11Aug2026 17:40:29.188] [modloading-worker-0/DEBUG] [net.minecraftforge.common.ForgeConfigSpec/CORE]: The comment on key client.modifiers.minimap.location does not match the spec. This may create a backup.
[11Aug2026 17:40:29.188] [modloading-worker-0/DEBUG] [net.minecraftforge.common.ForgeConfigSpec/CORE]: The comment on key client.modifiers.minimap does not match the spec. This may create a backup.
[11Aug2026 17:40:29.188] [modloading-worker-0/DEBUG] [net.minecraftforge.common.ForgeConfigSpec/CORE]: The comment on key client.modifiers does not match the spec. This may create a backup.
[11Aug2026 17:40:29.188] [modloading-worker-0/DEBUG] [net.minecraftforge.common.ForgeConfigSpec/CORE]: The comment on key client does not match the spec. This may create a backup.
[11Aug2026 17:40:29.191] [Thread-3/DEBUG] [net.minecraftforge.fml.config.ConfigFileTypeHandler/CONFIG]: Config file tconstruct-client.toml changed, sending notifies
[11Aug2026 17:40:29.196] [Thread-3/DEBUG] [net.minecraftforge.fml.config.ConfigFileTypeHandler/CONFIG]: Config file tconstruct-client.toml changed, sending notifies
[11Aug2026 17:40:29.196] [Thread-3/DEBUG] [net.minecraftforge.fml.config.ConfigFileTypeHandler/CONFIG]: Config file tconstruct-client.toml changed, sending notifies
[11Aug2026 17:40:29.198] [Worker-Main-1/INFO] [net.minecraft.client.gui.font.providers.UnihexProvider/]: Found unifont_all_no_pua-15.0.06.hex, loading
[11Aug2026 17:40:29.199] [modloading-worker-0/DEBUG] [net.minecraftforge.fml.config.ConfigFileTypeHandler/CONFIG]: Built TOML config for /home/dev/better-content/generated/custom-mod-sources/tcon-affixes/run/config/forge-client.toml
[11Aug2026 17:40:29.199] [modloading-worker-0/DEBUG] [net.minecraftforge.fml.config.ConfigFileTypeHandler/CONFIG]: Loaded TOML config file /home/dev/better-content/generated/custom-mod-sources/tcon-affixes/run/config/forge-client.toml
[11Aug2026 17:40:29.199] [modloading-worker-0/DEBUG] [net.minecraftforge.fml.config.ConfigFileTypeHandler/CONFIG]: Watching TOML config file /home/dev/better-content/generated/custom-mod-sources/tcon-affixes/run/config/forge-client.toml for changes
[11Aug2026 17:40:29.200] [modloading-worker-0/WARN] [net.minecraftforge.common.ForgeConfigSpec/CORE]: Configuration file /home/dev/better-content/generated/custom-mod-sources/tcon-affixes/run/config/forge-client.toml is not correct. Correcting
[11Aug2026 17:40:29.200] [modloading-worker-0/WARN] [net.minecraftforge.common.ForgeConfigSpec/CORE]: Incorrect key client was corrected from null to its default, SimpleCommentedConfig:{}. 
[11Aug2026 17:40:29.200] [modloading-worker-0/WARN] [net.minecraftforge.common.ForgeConfigSpec/CORE]: Incorrect key client.alwaysSetupTerrainOffThread was corrected from null to its default, false. 
[11Aug2026 17:40:29.200] [modloading-worker-0/DEBUG] [net.minecraftforge.common.ForgeConfigSpec/CORE]: The comment on key client.alwaysSetupTerrainOffThread does not match the spec. This may create a backup.
[11Aug2026 17:40:29.200] [modloading-worker-0/WARN] [net.minecraftforge.common.ForgeConfigSpec/CORE]: Incorrect key client.experimentalForgeLightPipelineEnabled was corrected from null to its default, false. 
[11Aug2026 17:40:29.200] [modloading-worker-0/DEBUG] [net.minecraftforge.common.ForgeConfigSpec/CORE]: The comment on key client.experimentalForgeLightPipelineEnabled does not match the spec. This may create a backup.
[11Aug2026 17:40:29.200] [modloading-worker-0/WARN] [net.minecraftforge.common.ForgeConfigSpec/CORE]: Incorrect key client.showLoadWarnings was corrected from null to its default, true. 
[11Aug2026 17:40:29.200] [modloading-worker-0/DEBUG] [net.minecraftforge.common.ForgeConfigSpec/CORE]: The comment on key client.showLoadWarnings does not match the spec. This may create a backup.
[11Aug2026 17:40:29.200] [modloading-worker-0/WARN] [net.minecraftforge.common.ForgeConfigSpec/CORE]: Incorrect key client.useCombinedDepthStencilAttachment was corrected from null to its default, false. 
[11Aug2026 17:40:29.200] [modloading-worker-0/DEBUG] [net.minecraftforge.common.ForgeConfigSpec/CORE]: The comment on key client.useCombinedDepthStencilAttachment does not match the spec. This may create a backup.
[11Aug2026 17:40:29.200] [modloading-worker-0/WARN] [net.minecraftforge.common.ForgeConfigSpec/CORE]: Incorrect key client.compressLanIPv6Addresses was corrected from null to its default, true. 
[11Aug2026 17:40:29.200] [modloading-worker-0/DEBUG] [net.minecraftforge.common.ForgeConfigSpec/CORE]: The comment on key client.compressLanIPv6Addresses does not match the spec. This may create a backup.
[11Aug2026 17:40:29.200] [modloading-worker-0/WARN] [net.minecraftforge.common.ForgeConfigSpec/CORE]: Incorrect key client.calculateAllNormals was corrected from null to its default, false. 
[11Aug2026 17:40:29.200] [modloading-worker-0/DEBUG] [net.minecraftforge.common.ForgeConfigSpec/CORE]: The comment on key client.calculateAllNormals does not match the spec. This may create a backup.
[11Aug2026 17:40:29.200] [modloading-worker-0/WARN] [net.minecraftforge.common.ForgeConfigSpec/CORE]: Incorrect key client.stabilizeDirectionGetNearest was corrected from null to its default, true. 
[11Aug2026 17:40:29.200] [modloading-worker-0/DEBUG] [net.minecraftforge.common.ForgeConfigSpec/CORE]: The comment on key client.stabilizeDirectionGetNearest does not match the spec. This may create a backup.
[11Aug2026 17:40:29.200] [modloading-worker-0/WARN] [net.minecraftforge.common.ForgeConfigSpec/CORE]: Incorrect key client.allowMipmapLowering was corrected from null to its default, false. 
[11Aug2026 17:40:29.200] [modloading-worker-0/DEBUG] [net.minecraftforge.common.ForgeConfigSpec/CORE]: The comment on key client.allowMipmapLowering does not match the spec. This may create a backup.
[11Aug2026 17:40:29.200] [modloading-worker-0/DEBUG] [net.minecraftforge.common.ForgeConfigSpec/CORE]: The comment on key client does not match the spec. This may create a backup.
[11Aug2026 17:40:29.200] [Thread-3/DEBUG] [net.minecraftforge.fml.config.ConfigFileTypeHandler/CONFIG]: Config file tconstruct-client.toml changed, sending notifies
[11Aug2026 17:40:29.201] [modloading-worker-0/DEBUG] [net.minecraftforge.common.ForgeConfig/FORGEMOD]: Loaded forge config file forge-client.toml
[11Aug2026 17:40:29.227] [modloading-worker-0/DEBUG] [net.minecraftforge.fml.config.ConfigTracker/CONFIG]: Loading configs type COMMON
[11Aug2026 17:40:29.227] [modloading-worker-0/DEBUG] [net.minecraftforge.fml.config.ConfigFileTypeHandler/CONFIG]: Built TOML config for /home/dev/better-content/generated/custom-mod-sources/tcon-affixes/run/config/tconstruct-common.toml
[11Aug2026 17:40:29.231] [Thread-3/DEBUG] [net.minecraftforge.fml.config.ConfigFileTypeHandler/CONFIG]: Config file forge-client.toml changed, sending notifies
[11Aug2026 17:40:29.232] [Thread-3/DEBUG] [net.minecraftforge.common.ForgeConfig/FORGEMOD]: Forge config just got changed on the file system!
[11Aug2026 17:40:29.232] [modloading-worker-0/DEBUG] [net.minecraftforge.fml.config.ConfigFileTypeHandler/CONFIG]: Loaded TOML config file /home/dev/better-content/generated/custom-mod-sources/tcon-affixes/run/config/tconstruct-common.toml
[11Aug2026 17:40:29.233] [modloading-worker-0/DEBUG] [net.minecraftforge.fml.config.ConfigFileTypeHandler/CONFIG]: Watching TOML config file /home/dev/better-content/generated/custom-mod-sources/tcon-affixes/run/config/tconstruct-common.toml for changes
[11Aug2026 17:40:29.233] [Thread-3/DEBUG] [net.minecraftforge.fml.config.ConfigFileTypeHandler/CONFIG]: Config file tconstruct-common.toml changed, sending notifies
[11Aug2026 17:40:29.234] [Thread-3/DEBUG] [net.minecraftforge.fml.config.ConfigFileTypeHandler/CONFIG]: Config file tconstruct-common.toml changed, sending notifies
[11Aug2026 17:40:29.284] [Forge Version Check/INFO] [net.minecraftforge.fml.VersionChecker/]: [forge] Starting version check at https://files.minecraftforge.net/net/minecraftforge/forge/promotions_slim.json
[11Aug2026 17:40:29.380] [Worker-Main-4/INFO] [Mantle/]: Loaded 72 fluid textures in 3.720297 ms
[11Aug2026 17:40:29.413] [Render thread/DEBUG] [net.minecraftforge.fml.DeferredWorkQueue/LOADING]: Dispatching synchronous work for work queue COMMON_SETUP: 13 jobs
[11Aug2026 17:40:29.546] [Render thread/DEBUG] [net.minecraftforge.fml.DeferredWorkQueue/LOADING]: Synchronous work queue completed in 131.5 ms
[11Aug2026 17:40:29.761] [Forge Version Check/DEBUG] [net.minecraftforge.fml.VersionChecker/]: [forge] Received version check data:
{
  "homepage": "https://files.minecraftforge.net/net/minecraftforge/forge/",
  "promos": {
    "1.1-latest": "1.3.4.29",
    "1.2.3-latest": "1.4.1.64",
    "1.2.4-latest": "2.0.0.68",
    "1.2.5-latest": "3.4.9.171",
    "1.3.2-latest": "4.3.5.318",
    "1.4.0-latest": "5.0.0.326",
    "1.4.1-latest": "6.0.0.329",
    "1.4.2-latest": "6.0.1.355",
    "1.4.3-latest": "6.2.1.358",
    "1.4.4-latest": "6.3.0.378",
    "1.4.5-latest": "6.4.2.448",
    "1.4.6-latest": "6.5.0.489",
    "1.4.7-latest": "6.6.2.534",
    "1.5-latest": "7.7.0.598",
    "1.5.1-latest": "7.7.2.682",
    "1.5.2-latest": "7.8.1.738",
    "1.5.2-recommended": "7.8.1.738",
    "1.6.1-latest": "8.9.0.775",
    "1.6.2-latest": "9.10.1.871",
    "1.6.2-recommended": "9.10.1.871",
    "1.6.3-latest": "9.11.0.878",
    "1.6.4-latest": "9.11.1.1345",
    "1.6.4-recommended": "9.11.1.1345",
    "1.7.2-latest": "10.12.2.1161",
    "1.7.2-recommended": "10.12.2.1161",
    "1.7.10-latest": "10.13.4.1614",
    "1.7.10-recommended": "10.13.4.1614",
    "1.8-latest": "11.14.4.1577",
    "1.8-recommended": "11.14.4.1563",
    "1.8.8-latest": "11.15.0.1655",
    "1.8.9-latest": "11.15.1.2318",
    "1.8.9-recommended": "11.15.1.2318",
    "1.9-latest": "12.16.1.1938",
    "1.9-recommended": "12.16.1.1887",
    "1.9.4-latest": "12.17.0.2317",
    "1.9.4-recommended": "12.17.0.2317",
    "1.10-latest": "12.18.0.2000",
    "1.10.2-latest": "12.18.3.2511",
    "1.10.2-recommended": "12.18.3.2511",
    "1.11-latest": "13.19.1.2199",
    "1.11-recommended": "13.19.1.2189",
    "1.11.2-latest": "13.20.1.2588",
    "1.11.2-recommended": "13.20.1.2588",
    "1.12-latest": "14.21.1.2443",
    "1.12-recommended": "14.21.1.2387",
    "1.12.1-latest": "14.22.1.2485",
    "1.12.1-recommended": "14.22.1.2478",
    "1.12.2-latest": "14.23.5.2864",
    "1.12.2-recommended": "14.23.5.2859",
    "1.13.2-latest": "25.0.223",
    "1.14.2-latest": "26.0.63",
    "1.14.3-latest": "27.0.60",
    "1.14.4-latest": "28.2.30",
    "1.14.4-recommended": "28.2.26",
    "1.15-latest": "29.0.4",
    "1.15.1-latest": "30.0.51",
    "1.15.2-latest": "31.2.62",
    "1.15.2-recommended": "31.2.57",
    "1.16.1-latest": "32.0.108",
    "1.16.2-latest": "33.0.61",
    "1.16.3-latest": "34.1.42",
    "1.16.3-recommended": "34.1.0",
    "1.16.4-latest": "35.1.37",
    "1.16.4-recommended": "35.1.4",
    "1.16.5-latest": "36.2.42",
    "1.16.5-recommended": "36.2.34",
    "1.17.1-latest": "37.1.1",
    "1.17.1-recommended": "37.1.1",
    "1.18-latest": "38.0.17",
    "1.18.1-latest": "39.1.2",
    "1.18.1-recommended": "39.1.0",
    "1.18.2-recommended": "40.3.0",
    "1.18.2-latest": "40.3.12",
    "1.19-latest": "41.1.0",
    "1.19-recommended": "41.1.0",
    "1.19.1-latest": "42.0.9",
    "1.19.2-recommended": "43.5.0",
    "1.19.2-latest": "43.5.2",
    "1.19.3-latest": "44.1.23",
    "1.19.3-recommended": "44.1.0",
    "1.19.4-recommended": "45.4.0",
    "1.19.4-latest": "45.4.3",
    "1.20-latest": "46.0.14",
    "1.20.1-recommended": "47.4.10",
    "1.20.1-latest": "47.4.22",
    "1.20.2-latest": "48.1.0",
    "1.20.2-recommended": "48.1.0",
    "1.20.3-latest": "49.0.2",
    "1.20.4-latest": "49.2.8",
    "1.20.4-recommended": "49.2.0",
    "1.20.6-latest": "50.2.10",
    "1.20.6-recommended": "50.2.0",
    "1.21-latest": "51.0.33",
    "1.21.1-latest": "52.1.16",
    "1.21.1-recommended": "52.1.0",
    "1.21.3-latest": "53.1.12",
    "1.21.3-recommended": "53.1.0",
    "1.21.4-latest": "54.1.18",
    "1.21.4-recommended": "54.1.14",
    "1.21.5-latest": "55.1.12",
    "1.21.5-recommended": "55.1.0",
    "1.21.6-latest": "56.0.9",
    "1.21.7-latest": "57.0.3",
    "1.21.8-latest": "58.1.21",
    "1.21.8-recommended": "58.1.0",
    "1.21.9-latest": "59.0.5",
    "1.21.10-latest": "60.1.13",
    "1.21.10-recommended": "60.1.0",
    "1.21.11-latest": "61.2.0",
    "1.21.11-recommended": "61.2.0",
    "26.1-latest": "62.0.9",
    "26.1.1-latest": "63.0.2",
    "26.1.2-latest": "64.1.0",
    "26.1.2-recommended": "64.1.0",
    "26.2-latest": "65.1.1",
    "26.2-recommended": "65.1.0"
  }
}
[11Aug2026 17:40:29.761] [Forge Version Check/INFO] [net.minecraftforge.fml.VersionChecker/]: [forge] Found status: OUTDATED Current: 47.4.13 Target: 47.4.22
[11Aug2026 17:40:29.790] [Render thread/DEBUG] [net.minecraftforge.fml.DeferredWorkQueue/LOADING]: Dispatching synchronous work for work queue SIDED_SETUP: 3 jobs
[11Aug2026 17:40:29.805] [Render thread/DEBUG] [net.minecraftforge.fml.DeferredWorkQueue/LOADING]: Synchronous work queue completed in 10.42 ms
[11Aug2026 17:40:30.401] [Worker-Main-4/DEBUG] [slimeknights.tconstruct.library.client.materials.MaterialRenderInfoLoader/]: Loaded material render infos: 
	tconstruct:aluminum
	tconaffixes:ambrosium
	tconstruct:amethyst
	tconstruct:amethyst_bronze
	tconstruct:ancient
	tconstruct:ancient_hide
	tconstruct:bamboo
	tconstruct:blaze
	tconstruct:blazewood
	tconstruct:blazing_bone
	tconstruct:blood
	tconstruct:bone
	tconstruct:bronze
	tconstruct:cactus
	tconstruct:chorus
	tconstruct:cinderslime
	tconstruct:clay
	tconaffixes:cloggrum
	tconstruct:cobalt
	tconstruct:constantan
	tconstruct:copper
	tconstruct:copper#oxidized
	tconstruct:darkthread
	tconstruct:dragon_scale
	tconstruct:earthslime
	tconaffixes:echo_wood
	tconstruct:electrum
	tconstruct:end_rod
	tconstruct:ender_pearl
	tconstruct:enderslime
	tconstruct:enderslime_vine
	tconstruct:feather
	tconstruct:fiery
	tconstruct:flint
	tconstruct:flint#basalt
	tconstruct:flint#deepslate
	tconaffixes:forgotten
	tconaffixes:froststeel
	tconstruct:glass
	tconstruct:glowstone
	tconstruct:gold
	tconaffixes:gravitite
	tconstruct:gunpowder
	tconstruct:hepatizon
	tconaffixes:holystone
	tconstruct:honey
	tconstruct:ice
	tconstruct:ichor
	tconstruct:ichorskin
	tconstruct:invar
	tconstruct:iron
	tconstruct:iron#oxidized
	tconstruct:ironwood
	tconstruct:knightly
	tconstruct:knightmetal
	tconstruct:lead
	tconstruct:leather
	tconstruct:leaves
	tconstruct:magma
	tconstruct:magnetite
	tconstruct:manyullyn
	tconstruct:nahuatl
	tconstruct:necronium
	tconstruct:necrotic_bone
	tconstruct:obsidian
	tconstruct:osmium
	tconstruct:paper
	tconstruct:pewter
	tconstruct:phantom
	tconstruct:pig_iron
	tconstruct:plated_slimewood
	tconstruct:prismarine
	tconstruct:quartz
	tconstruct:queens_slime
	tconaffixes:regalium
	tconaffixes:reinforced_echo
	tconaffixes:resonarium
	tconstruct:rock
	tconstruct:rock#andesite
	tconstruct:rock#blackstone
	tconstruct:rock#calcite
	tconstruct:rock#diorite
	tconstruct:rock#granite
	tconstruct:rock#stone
	tconstruct:rose_gold
	tconstruct:scorched_stone
	tconaffixes:sculk_bone
	tconstruct:seared_stone
	tconstruct:shulker
	tconstruct:silver
	tconaffixes:skyroot
	tconstruct:skyslime
	tconstruct:skyslime_vine
	tconstruct:slimeball
	tconstruct:slimeball#ender
	tconstruct:slimeball#ichor
	tconstruct:slimeball#sky
	tconstruct:slimeskin
	tconstruct:slimesteel
	tconstruct:slimewood
	tconstruct:slimewood#bloodshroom
	tconstruct:slimewood#enderbark
	tconstruct:slimewood#greenheart
	tconstruct:slimewood#skyroot
	tconstruct:steel
	tconstruct:steeleaf
	tconstruct:string
	tconstruct:treated_wood
	tconstruct:twisting_vine
	tconstruct:ui_render#extra
	tconstruct:ui_render#extra_large
	tconstruct:ui_render#handle
	tconstruct:ui_render#head
	tconstruct:ui_render#large
	tconstruct:unknown
	tconaffixes:utherium
	tconstruct:venombone
	tconstruct:vine
	tconaffixes:warden_carapace
	tconstruct:weeping_vine
	tconstruct:whitestone
	tconstruct:whitestone#aluminum
	tconstruct:whitestone#composite
	tconstruct:whitestone#end
	tconstruct:whitestone#tin
	tconstruct:whitestone#zinc
	tconstruct:wood
	tconstruct:wood#crimson
	tconstruct:wood#warped
	tconstruct:wool
	tconstruct:wool#black
	tconstruct:wool#blue
	tconstruct:wool#brown
	tconstruct:wool#cyan
	tconstruct:wool#gray
	tconstruct:wool#green
	tconstruct:wool#light_blue
	tconstruct:wool#light_gray
	tconstruct:wool#lime
	tconstruct:wool#magenta
	tconstruct:wool#orange
	tconstruct:wool#pink
	tconstruct:wool#purple
	tconstruct:wool#red
	tconstruct:wool#white
	tconstruct:wool#yellow
	tconaffixes:zanite
[11Aug2026 17:40:30.401] [Worker-Main-4/INFO] [slimeknights.tconstruct.library.client.materials.MaterialRenderInfoLoader/]: 147 material render infos loaded
[11Aug2026 17:40:31.649] [Worker-Main-4/WARN] [Mantle/]: Using deprecated 'luminosity' field on ColoredBlockModel color data for tconstruct:queens_slime_block#inventory, this will be removed in 1.20 in favor of Forge's 'emissivity'.
[11Aug2026 17:40:31.709] [Worker-Main-4/WARN] [Mantle/]: Using deprecated 'luminosity' field on ColoredBlockModel color data for tconstruct:block/storage/queens_slime, this will be removed in 1.20 in favor of Forge's 'emissivity'.
[11Aug2026 17:40:31.936] [modloading-worker-0/DEBUG] [net.minecraftforge.registries.GameData/REGISTRIES]: Freezing registries
[11Aug2026 17:40:31.937] [modloading-worker-0/DEBUG] [net.minecraftforge.registries.ForgeRegistry/REGISTRIES]: Registry minecraft:block Sync: FROZEN -> ACTIVE
[11Aug2026 17:40:31.945] [modloading-worker-0/DEBUG] [net.minecraftforge.registries.ForgeRegistry/REGISTRIES]: Registry minecraft:fluid Sync: FROZEN -> ACTIVE
[11Aug2026 17:40:31.945] [modloading-worker-0/DEBUG] [net.minecraftforge.registries.ForgeRegistry/REGISTRIES]: Registry minecraft:item Sync: FROZEN -> ACTIVE
[11Aug2026 17:40:31.952] [modloading-worker-0/DEBUG] [net.minecraftforge.registries.ForgeRegistry/REGISTRIES]: Registry minecraft:mob_effect Sync: FROZEN -> ACTIVE
[11Aug2026 17:40:31.952] [modloading-worker-0/DEBUG] [net.minecraftforge.registries.ForgeRegistry/REGISTRIES]: Registry minecraft:sound_event Sync: FROZEN -> ACTIVE
[11Aug2026 17:40:31.956] [modloading-worker-0/DEBUG] [net.minecraftforge.registries.ForgeRegistry/REGISTRIES]: Registry minecraft:potion Sync: FROZEN -> ACTIVE
[11Aug2026 17:40:31.956] [modloading-worker-0/DEBUG] [net.minecraftforge.registries.ForgeRegistry/REGISTRIES]: Registry minecraft:enchantment Sync: FROZEN -> ACTIVE
[11Aug2026 17:40:31.957] [modloading-worker-0/DEBUG] [net.minecraftforge.registries.ForgeRegistry/REGISTRIES]: Registry minecraft:entity_type Sync: FROZEN -> ACTIVE
[11Aug2026 17:40:31.957] [modloading-worker-0/DEBUG] [net.minecraftforge.registries.ForgeRegistry/REGISTRIES]: Registry minecraft:block_entity_type Sync: FROZEN -> ACTIVE
[11Aug2026 17:40:31.957] [modloading-worker-0/DEBUG] [net.minecraftforge.registries.ForgeRegistry/REGISTRIES]: Registry minecraft:particle_type Sync: FROZEN -> ACTIVE
[11Aug2026 17:40:31.957] [modloading-worker-0/DEBUG] [net.minecraftforge.registries.ForgeRegistry/REGISTRIES]: Registry minecraft:menu Sync: FROZEN -> ACTIVE
[11Aug2026 17:40:31.957] [modloading-worker-0/DEBUG] [net.minecraftforge.registries.ForgeRegistry/REGISTRIES]: Registry minecraft:painting_variant Sync: FROZEN -> ACTIVE
[11Aug2026 17:40:31.958] [modloading-worker-0/DEBUG] [net.minecraftforge.registries.ForgeRegistry/REGISTRIES]: Registry minecraft:recipe_type Sync: FROZEN -> ACTIVE
[11Aug2026 17:40:31.958] [modloading-worker-0/DEBUG] [net.minecraftforge.registries.ForgeRegistry/REGISTRIES]: Registry minecraft:recipe_serializer Sync: FROZEN -> ACTIVE
[11Aug2026 17:40:31.958] [modloading-worker-0/DEBUG] [net.minecraftforge.registries.ForgeRegistry/REGISTRIES]: Registry minecraft:attribute Sync: FROZEN -> ACTIVE
[11Aug2026 17:40:31.958] [modloading-worker-0/DEBUG] [net.minecraftforge.registries.ForgeRegistry/REGISTRIES]: Registry minecraft:stat_type Sync: FROZEN -> ACTIVE
[11Aug2026 17:40:31.958] [modloading-worker-0/DEBUG] [net.minecraftforge.registries.ForgeRegistry/REGISTRIES]: Registry minecraft:command_argument_type Sync: FROZEN -> ACTIVE
[11Aug2026 17:40:31.958] [modloading-worker-0/DEBUG] [net.minecraftforge.registries.ForgeRegistry/REGISTRIES]: Registry minecraft:villager_profession Sync: FROZEN -> ACTIVE
[11Aug2026 17:40:31.958] [modloading-worker-0/DEBUG] [net.minecraftforge.registries.ForgeRegistry/REGISTRIES]: Registry minecraft:point_of_interest_type Sync: FROZEN -> ACTIVE
[11Aug2026 17:40:31.959] [modloading-worker-0/DEBUG] [net.minecraftforge.registries.ForgeRegistry/REGISTRIES]: Registry minecraft:memory_module_type Sync: FROZEN -> ACTIVE
[11Aug2026 17:40:31.960] [modloading-worker-0/DEBUG] [net.minecraftforge.registries.ForgeRegistry/REGISTRIES]: Registry minecraft:sensor_type Sync: FROZEN -> ACTIVE
[11Aug2026 17:40:31.960] [modloading-worker-0/DEBUG] [net.minecraftforge.registries.ForgeRegistry/REGISTRIES]: Registry minecraft:schedule Sync: FROZEN -> ACTIVE
[11Aug2026 17:40:31.960] [modloading-worker-0/DEBUG] [net.minecraftforge.registries.ForgeRegistry/REGISTRIES]: Registry minecraft:activity Sync: FROZEN -> ACTIVE
[11Aug2026 17:40:31.960] [modloading-worker-0/DEBUG] [net.minecraftforge.registries.ForgeRegistry/REGISTRIES]: Registry minecraft:worldgen/carver Sync: FROZEN -> ACTIVE
[11Aug2026 17:40:31.960] [modloading-worker-0/DEBUG] [net.minecraftforge.registries.ForgeRegistry/REGISTRIES]: Registry minecraft:worldgen/feature Sync: FROZEN -> ACTIVE
[11Aug2026 17:40:31.960] [modloading-worker-0/DEBUG] [net.minecraftforge.registries.ForgeRegistry/REGISTRIES]: Registry minecraft:chunk_status Sync: FROZEN -> ACTIVE
[11Aug2026 17:40:31.960] [modloading-worker-0/DEBUG] [net.minecraftforge.registries.ForgeRegistry/REGISTRIES]: Registry minecraft:worldgen/block_state_provider_type Sync: FROZEN -> ACTIVE
[11Aug2026 17:40:31.960] [modloading-worker-0/DEBUG] [net.minecraftforge.registries.ForgeRegistry/REGISTRIES]: Registry minecraft:worldgen/foliage_placer_type Sync: FROZEN -> ACTIVE
[11Aug2026 17:40:31.960] [modloading-worker-0/DEBUG] [net.minecraftforge.registries.ForgeRegistry/REGISTRIES]: Registry minecraft:worldgen/tree_decorator_type Sync: FROZEN -> ACTIVE
[11Aug2026 17:40:31.960] [modloading-worker-0/DEBUG] [net.minecraftforge.registries.ForgeRegistry/REGISTRIES]: Registry minecraft:worldgen/biome Sync: FROZEN -> ACTIVE
[11Aug2026 17:40:31.960] [modloading-worker-0/DEBUG] [net.minecraftforge.registries.ForgeRegistry/REGISTRIES]: Registry forge:entity_data_serializers Sync: FROZEN -> ACTIVE
[11Aug2026 17:40:31.960] [modloading-worker-0/DEBUG] [net.minecraftforge.registries.ForgeRegistry/REGISTRIES]: Registry forge:global_loot_modifier_serializers Sync: FROZEN -> ACTIVE
[11Aug2026 17:40:31.961] [modloading-worker-0/DEBUG] [net.minecraftforge.registries.ForgeRegistry/REGISTRIES]: Registry forge:biome_modifier_serializers Sync: FROZEN -> ACTIVE
[11Aug2026 17:40:31.961] [modloading-worker-0/DEBUG] [net.minecraftforge.registries.ForgeRegistry/REGISTRIES]: Registry forge:fluid_type Sync: FROZEN -> ACTIVE
[11Aug2026 17:40:31.961] [modloading-worker-0/DEBUG] [net.minecraftforge.registries.ForgeRegistry/REGISTRIES]: Registry forge:structure_modifier_serializers Sync: FROZEN -> ACTIVE
[11Aug2026 17:40:31.961] [modloading-worker-0/DEBUG] [net.minecraftforge.registries.ForgeRegistry/REGISTRIES]: Registry forge:holder_set_type Sync: FROZEN -> ACTIVE
[11Aug2026 17:40:31.961] [modloading-worker-0/DEBUG] [net.minecraftforge.registries.ForgeRegistry/REGISTRIES]: Registry forge:display_contexts Sync: FROZEN -> ACTIVE
[11Aug2026 17:40:32.738] [modloading-worker-0/DEBUG] [net.minecraftforge.registries.GameData/REGISTRIES]: All registries frozen
[11Aug2026 17:40:32.759] [Render thread/DEBUG] [net.minecraftforge.common.ForgeI18n/CORE]: Loading I18N data entries: 9841
[11Aug2026 17:40:32.777] [Render thread/WARN] [net.minecraft.client.sounds.SoundEngine/]: Missing sound for event: minecraft:item.goat_horn.play
[11Aug2026 17:40:32.778] [Render thread/WARN] [net.minecraft.client.sounds.SoundEngine/]: Missing sound for event: minecraft:entity.goat.screaming.horn_break
[11Aug2026 17:40:32.779] [Render thread/ERROR] [net.minecraft.client.sounds.SoundEngine/SOUNDS]: Error starting SoundSystem. Turning off sounds & music
java.lang.IllegalStateException: Failed to open OpenAL device
	at com.mojang.blaze3d.audio.Library.openDeviceOrFallback(Library.java:283) ~[forge-1.20.1-47.4.13_mapped_official_1.20.1.jar:?]
	at com.mojang.blaze3d.audio.Library.init(Library.java:153) ~[forge-1.20.1-47.4.13_mapped_official_1.20.1.jar:?]
	at net.minecraft.client.sounds.SoundEngine.loadLibrary(SoundEngine.java:104) ~[forge-1.20.1-47.4.13_mapped_official_1.20.1.jar:?]
	at net.minecraft.client.sounds.SoundEngine.reload(SoundEngine.java:96) ~[forge-1.20.1-47.4.13_mapped_official_1.20.1.jar:?]
	at net.minecraft.client.sounds.SoundManager.apply(SoundManager.java:125) ~[forge-1.20.1-47.4.13_mapped_official_1.20.1.jar:?]
	at net.minecraft.client.sounds.SoundManager.apply(SoundManager.java:40) ~[forge-1.20.1-47.4.13_mapped_official_1.20.1.jar:?]
	at net.minecraft.server.packs.resources.SimplePreparableReloadListener.lambda$reload$1(SimplePreparableReloadListener.java:13) ~[forge-1.20.1-47.4.13_mapped_official_1.20.1.jar:?]
	at java.util.concurrent.CompletableFuture$UniAccept.tryFire(CompletableFuture.java:718) ~[?:?]
	at java.util.concurrent.CompletableFuture$Completion.run(CompletableFuture.java:482) ~[?:?]
	at net.minecraft.server.packs.resources.SimpleReloadInstance.lambda$new$3(SimpleReloadInstance.java:69) ~[forge-1.20.1-47.4.13_mapped_official_1.20.1.jar:?]
	at net.minecraft.util.thread.BlockableEventLoop.doRunTask(BlockableEventLoop.java:156) ~[forge-1.20.1-47.4.13_mapped_official_1.20.1.jar:?]
	at net.minecraft.util.thread.ReentrantBlockableEventLoop.doRunTask(ReentrantBlockableEventLoop.java:23) ~[forge-1.20.1-47.4.13_mapped_official_1.20.1.jar:?]
	at net.minecraft.util.thread.BlockableEventLoop.pollTask(BlockableEventLoop.java:130) ~[forge-1.20.1-47.4.13_mapped_official_1.20.1.jar:?]
	at net.minecraft.util.thread.BlockableEventLoop.runAllTasks(BlockableEventLoop.java:115) ~[forge-1.20.1-47.4.13_mapped_official_1.20.1.jar:?]
	at net.minecraft.client.Minecraft.runTick(Minecraft.java:1106) ~[forge-1.20.1-47.4.13_mapped_official_1.20.1.jar:?]
	at net.minecraft.client.Minecraft.run(Minecraft.java:718) ~[forge-1.20.1-47.4.13_mapped_official_1.20.1.jar:?]
	at net.minecraft.client.main.Main.main(Main.java:218) ~[forge-1.20.1-47.4.13_mapped_official_1.20.1.jar:?]
	at jdk.internal.reflect.NativeMethodAccessorImpl.invoke0(Native Method) ~[?:?]
	at jdk.internal.reflect.NativeMethodAccessorImpl.invoke(NativeMethodAccessorImpl.java:77) ~[?:?]
	at jdk.internal.reflect.DelegatingMethodAccessorImpl.invoke(DelegatingMethodAccessorImpl.java:43) ~[?:?]
	at java.lang.reflect.Method.invoke(Method.java:569) ~[?:?]
	at net.minecraftforge.fml.loading.targets.CommonLaunchHandler.runTarget(CommonLaunchHandler.java:111) ~[fmlloader-1.20.1-47.4.13.jar:?]
	at net.minecraftforge.fml.loading.targets.CommonLaunchHandler.clientService(CommonLaunchHandler.java:99) ~[fmlloader-1.20.1-47.4.13.jar:?]
	at net.minecraftforge.fml.loading.targets.ForgeClientUserdevLaunchHandler.devService(ForgeClientUserdevLaunchHandler.java:19) ~[fmlloader-1.20.1-47.4.13.jar:?]
	at net.minecraftforge.fml.loading.targets.CommonDevLaunchHandler.lambda$makeService$7(CommonDevLaunchHandler.java:135) ~[fmlloader-1.20.1-47.4.13.jar:?]
	at cpw.mods.modlauncher.LaunchServiceHandlerDecorator.launch(LaunchServiceHandlerDecorator.java:30) ~[modlauncher-10.0.9.jar:?]
	at cpw.mods.modlauncher.LaunchServiceHandler.launch(LaunchServiceHandler.java:53) ~[modlauncher-10.0.9.jar:?]
	at cpw.mods.modlauncher.LaunchServiceHandler.launch(LaunchServiceHandler.java:71) ~[modlauncher-10.0.9.jar:?]
	at cpw.mods.modlauncher.Launcher.run(Launcher.java:108) ~[modlauncher-10.0.9.jar:?]
	at cpw.mods.modlauncher.Launcher.main(Launcher.java:78) ~[modlauncher-10.0.9.jar:?]
	at cpw.mods.modlauncher.BootstrapLaunchConsumer.accept(BootstrapLaunchConsumer.java:26) ~[modlauncher-10.0.9.jar:?]
	at cpw.mods.modlauncher.BootstrapLaunchConsumer.accept(BootstrapLaunchConsumer.java:23) ~[modlauncher-10.0.9.jar:?]
	at cpw.mods.bootstraplauncher.BootstrapLauncher.main(BootstrapLauncher.java:141) ~[bootstraplauncher-1.1.2.jar:?]
[11Aug2026 17:40:32.863] [Render thread/INFO] [net.minecraft.client.renderer.texture.TextureAtlas/]: Created: 4096x2048x4 minecraft:textures/atlas/blocks.png-atlas
[11Aug2026 17:40:32.899] [Render thread/INFO] [net.minecraft.client.renderer.texture.TextureAtlas/]: Created: 256x256x4 minecraft:textures/atlas/signs.png-atlas
[11Aug2026 17:40:32.899] [Render thread/INFO] [net.minecraft.client.renderer.texture.TextureAtlas/]: Created: 512x512x4 minecraft:textures/atlas/banner_patterns.png-atlas
[11Aug2026 17:40:32.900] [Render thread/INFO] [net.minecraft.client.renderer.texture.TextureAtlas/]: Created: 512x512x4 minecraft:textures/atlas/shield_patterns.png-atlas
[11Aug2026 17:40:32.900] [Render thread/INFO] [net.minecraft.client.renderer.texture.TextureAtlas/]: Created: 2048x1024x4 minecraft:textures/atlas/armor_trims.png-atlas
[11Aug2026 17:40:32.903] [Render thread/INFO] [net.minecraft.client.renderer.texture.TextureAtlas/]: Created: 256x256x4 minecraft:textures/atlas/chest.png-atlas
[11Aug2026 17:40:32.903] [Render thread/INFO] [net.minecraft.client.renderer.texture.TextureAtlas/]: Created: 128x64x4 minecraft:textures/atlas/decorated_pot.png-atlas
[11Aug2026 17:40:32.904] [Render thread/INFO] [net.minecraft.client.renderer.texture.TextureAtlas/]: Created: 512x256x4 minecraft:textures/atlas/beds.png-atlas
[11Aug2026 17:40:32.904] [Render thread/INFO] [net.minecraft.client.renderer.texture.TextureAtlas/]: Created: 512x256x4 minecraft:textures/atlas/shulker_boxes.png-atlas
[11Aug2026 17:40:32.965] [Render thread/WARN] [net.minecraft.client.renderer.ShaderInstance/]: Shader rendertype_entity_translucent_emissive could not find sampler named Sampler2 in the specified shader program.
[11Aug2026 17:40:33.001] [Render thread/INFO] [net.minecraft.client.renderer.texture.TextureAtlas/]: Created: 512x256x0 minecraft:textures/atlas/particles.png-atlas
[11Aug2026 17:40:33.002] [Render thread/INFO] [net.minecraft.client.renderer.texture.TextureAtlas/]: Created: 256x256x0 minecraft:textures/atlas/paintings.png-atlas
[11Aug2026 17:40:33.002] [Render thread/INFO] [net.minecraft.client.renderer.texture.TextureAtlas/]: Created: 256x128x0 minecraft:textures/atlas/mob_effects.png-atlas
[11Aug2026 17:40:33.013] [Render thread/INFO] [tconstruct/]: Loaded 3 armor models in 4.968263 ms
[11Aug2026 17:40:33.016] [Render thread/INFO] [Mantle/]: Finished loading 712 Faucet Fluids in 1.698394 ms
[11Aug2026 17:40:33.016] [Render thread/INFO] [Mantle/]: Finished loading 2 Channel fluids in 0.387043 ms
[11Aug2026 17:40:33.020] [Render thread/INFO] [slimeknights.mantle.fluid.tooltip.FluidTooltipHandler/]: Loaded 18 fluid unit lists in 1.242067 ms
[11Aug2026 17:40:33.021] [Render thread/INFO] [Mantle/]: Finished loading 1204 Block entity fluids in 0.794787 ms
[11Aug2026 17:40:33.021] [Render thread/INFO] [Mantle/]: Finished loading 0 Block entity items in 0.130053 ms
[11Aug2026 17:40:33.022] [Render thread/INFO] [Mantle/]: Finished loading 964 Block entity items in 0.586381 ms
